game_id,season,week,actual_home,actual_away,raw_home,raw_away,raw_margin,raw_total,calibrated_home,calibrated_away,calibrated_margin,calibrated_total,market_spread,market_total,spread_edge,total_edge,ATS_result,OU_result,ats_probability,ou_probability,ats_calibrated_probability,ou_calibrated_probability
2023_01_ARI_WAS,2023,1,20.0,16.0,19.985339772041865,18.51535900647727,1.4699807655645962,38.50069877851914,20.759233542725497,19.376905530563384,1.3823280121621146,40.13613907328888,7.0,38.0,-5.530019234435404,0.500698778519137,WIN,LOSS,0.6568096066695279,0.5142913268413354,0.5500585144803933,0.5306416981597649
2023_01_BUF_NYJ,2023,1,22.0,16.0,27.919097370661742,26.325816186610414,1.5932811840513281,54.244913557272156,26.685007461371946,25.149898185512562,1.5351092758593816,51.83490564688451,-2.5,44.5,4.093281184051328,9.744913557272156,WIN,LOSS,0.6174799162897192,0.7572111514928248,0.5431524831536215,0.5594568444068548
2023_01_CAR_ATL,2023,1,24.0,10.0,22.797830482745383,19.20142482490584,3.5964056578395436,41.999255307651225,23.37646192975471,19.359285746059015,4.0171761836957,42.73574767581373,3.5,40.5,0.09640565783954358,1.4992553076512252,WIN,LOSS,0.502808134960626,0.5427200731081252,0.5238613072806707,0.5337676454218622
2023_01_CIN_CLE,2023,1,24.0,3.0,27.06094647045006,24.872645215874726,2.1883012545753324,51.93359168632479,26.194935561371818,23.922538290746413,2.272397270625407,50.11747385211823,-1.0,46.5,3.1883012545753324,5.433591686324789,WIN,LOSS,0.5920385941471702,0.651301069267467,0.5387937746949152,0.5460558580162908
2023_01_DAL_NYG,2023,1,0.0,40.0,23.666005723257996,26.328894471202197,-2.6628887479442014,49.99490019446019,22.469112331917785,26.20781338615523,-3.738701054237443,48.676925718073015,-3.5,44.5,0.8371112520557986,5.494900194460193,LOSS,LOSS,0.5243686730171001,0.6529225312045128,0.5274434840783893,0.546246940407152
2023_01_DET_KC,2023,1,20.0,21.0,32.12578655102237,24.906572166382055,7.219214384640317,57.03235871740443,31.206155899739404,22.69996579210743,8.506190107631975,53.906121691846835,4.0,53.0,3.219214384640317,4.032358717404428,LOSS,LOSS,0.5929147469963013,0.6135414294674139,0.5389427651720177,0.5416849967602682
2023_01_GB_CHI,2023,1,20.0,38.0,21.71384101245156,19.45338654127822,2.2604544711733396,41.16722755372978,22.239655069844584,19.877852915221542,2.3618021546230428,42.117507985066126,1.0,41.0,1.2604544711733396,0.1672275537297807,LOSS,WIN,0.5366634632485541,0.5047740439207135,0.5294895985027421,0.5295972298155824
2023_01_HOU_BAL,2023,1,25.0,9.0,23.112407907032882,20.255619209663628,2.856788697369254,43.36802711669651,23.42676725025294,20.32604873360678,3.1007185166461584,43.75281598385972,9.5,43.5,-6.643211302630746,-0.1319728833034901,LOSS,WIN,0.6861797715444113,0.5037676208219524,0.5553962487655214,0.5294867930197117
2023_01_JAX_IND,2023,1,21.0,31.0,19.56637488588323,23.615752329399594,-4.049377443516363,43.182127215282826,19.078993370115995,24.5356893639593,-5.456695993843303,43.614682734075295,-4.0,45.5,-0.04937744351636297,-2.3178727847171743,WIN,LOSS,0.5014382907929396,0.5658704654453798,0.5236337841141745,0.5363283340832542
2023_01_LA_SEA,2023,1,13.0,30.0,23.451376102959866,22.29496862828702,1.1564074746728465,45.746344731246886,23.25690457798433,22.263124506146582,0.9937800718377472,45.52002908413091,4.5,45.0,-3.3435925253271535,0.7463447312468858,WIN,LOSS,0.5964351851216037,0.5212971737306435,0.539542153737123,0.5314109170063969
2023_01_LV_DEN,2023,1,16.0,17.0,26.331684956663317,23.943261431455017,2.3884235252082995,50.27494638811834,25.702691425141417,23.18232311129882,2.5203683138425985,48.88501453644024,3.0,43.0,-0.6115764747917005,7.274946388118337,WIN,LOSS,0.5178084246115228,0.6986791574347775,0.5263530420838806,0.5517887079363923
2023_01_MIA_LAC,2023,1,34.0,36.0,25.18459888344957,19.530664737091342,5.653934146358228,44.71526362054091,25.660268712937462,19.09361373243752,6.56665498049994,44.753882445374984,3.0,50.5,2.653934146358228,-5.7847363794590905,LOSS,LOSS,0.576824207996434,0.6605497189846831,0.5362172392078657,0.5471500976915007
2023_01_PHI_NE,2023,1,20.0,25.0,25.29413749903449,26.11667048182758,-0.8225329827930885,51.410807980862074,24.135349010013112,25.593669487256857,-1.458320477243747,49.72901849726997,-3.5,44.5,2.6774670172069115,6.910807980862074,LOSS,WIN,0.5774968249057085,0.6895400903719248,0.5363307483948,0.5506560462806511
2023_01_SF_PIT,2023,1,7.0,30.0,23.957622693866806,23.249236452987912,0.7083862408788946,47.20685914685472,23.52195244696911,23.083314450903103,0.43863799606600606,46.60526689787221,-1.5,41.5,2.2083862408788946,5.706859146854718,LOSS,LOSS,0.5640494511541538,0.6585066332754044,0.5340674744541772,0.5469074550307078
2023_01_TB_MIN,2023,1,17.0,20.0,25.45942839911129,22.336798790413702,3.1226296086975864,47.79622718952499,25.236659618851256,21.80653824312602,3.430121375725232,47.043197861977276,4.0,45.0,-0.8773703913024136,2.7962271895249913,WIN,LOSS,0.5255390685806266,0.5792995770590619,0.5276381064491322,0.5378237801420399
2023_01_TEN_NO,2023,1,16.0,15.0,27.62801044189309,23.61857246777357,4.009437974119518,51.24658290966666,27.0679771704671,22.53901359785954,4.528963572607556,49.60699076832664,3.0,41.0,1.0094379741195176,10.246582909666657,LOSS,LOSS,0.5293768769446912,0.7683000344221116,0.52827649364636,0.5610109631524482
2023_02_BAL_CIN,2023,2,24.0,27.0,21.412090266559822,19.036694219065105,2.3753960474947178,40.44878448562493,22.04394679592499,19.539720799621104,2.504225996303886,41.583667595546096,3.5,45.5,-1.1246039525052822,-5.051215514375073,WIN,LOSS,0.5327213212007341,0.6411267177641576,0.5288331066009359,0.5448637886627181
2023_02_CHI_TB,2023,2,27.0,17.0,21.758337765576037,17.506612324388083,4.251725441187954,39.26495008996412,22.76659938608679,17.937417972769232,4.829181413317554,40.70401735885602,2.5,41.0,1.7517254411879541,-1.7350499100358832,WIN,LOSS,0.5508864650863421,0.5494067383828278,0.5318627768422989,0.5345054147381664
2023_02_CLE_PIT,2023,2,26.0,22.0,20.388263390242685,19.648791570563574,0.7394718196791104,40.03705496080626,20.87744365526741,20.400287590324215,0.4771560649431933,41.277731245591625,-2.5,39.0,3.2394718196791104,1.037054960806259,WIN,WIN,0.5934886399103978,0.5295795938451562,0.5390403951533496,0.5323210575866723
2023_02_GB_ATL,2023,2,25.0,24.0,21.40390729188335,16.778859269801277,4.625048022082073,38.18276656168463,22.595831769698663,17.30406720884811,5.291764560850554,39.89989897854677,3.0,40.5,1.6250480220820727,-2.3172334383153697,LOSS,LOSS,0.5472244788660797,0.5658524621314653,0.5312509709223627,0.536326334895773
2023_02_IND_HOU,2023,2,20.0,31.0,20.51630715677374,16.37042627827948,4.145880878494257,36.886733435053216,21.817454468514935,17.119424808308164,4.698029660206774,38.9368792768231,-1.0,40.0,5.145880878494257,-3.113266564946784,LOSS,LOSS,0.6464388778742154,0.588150422033105,0.548213836701136,0.5388145450562125
2023_02_KC_JAX,2023,2,9.0,17.0,20.63127283171343,25.830721079782542,-5.19944824806911,46.46199391149597,19.585023699744024,26.46676977060559,-6.881746070861566,46.051793470349615,-3.5,50.5,-1.6994482480691104,-4.0380060885040265,WIN,WIN,0.5493757449934914,0.6136960718744877,0.5316103084926433,0.5417026259273973
2023_02_LAC_TEN,2023,2,27.0,24.0,20.547594655938305,20.949777909852216,-0.4021832539139112,41.49737256579052,20.712678359783414,21.650144459068375,-0.9374660992849646,42.36282281885179,-2.5,45.5,2.097816746086089,-4.002627434209479,WIN,LOSS,0.5608682832645857,0.6127269985381005,0.5335337784364205,0.5415921841108253
2023_02_LV_BUF,2023,2,38.0,10.0,24.585979932007007,20.864853229590846,3.7211267024161607,45.450833161597856,24.736083216371224,20.564365474472222,4.171717741899002,45.300448690843446,7.5,47.0,-3.7788732975838393,-1.5491668384021438,LOSS,LOSS,0.6086923462189843,0.5441365390525046,0.5416388963310419,0.5339238242636714
2023_02_MIA_NE,2023,2,17.0,24.0,23.70320548486023,19.300291602581037,4.402913882279194,43.00349708744127,24.249234981884406,19.232716320487476,5.016518661396926,43.48195130237188,-2.0,46.5,6.402913882279194,-3.496502912558732,LOSS,WIN,0.6799308366068771,0.5987893292859098,0.5542450655579275,0.5400117690554963
2023_02_MIN_PHI,2023,2,34.0,28.0,23.675163160654133,20.369274214394554,3.3058889462595786,44.04443737504869,23.956310708726495,20.299113111195428,3.6571975975310655,44.25542381992192,6.0,49.0,-2.6941110537404214,-4.9555626249513125,PUSH,LOSS,0.5779724087643837,0.6385654904311286,0.5364110274902137,0.5445655069112953
2023_02_NO_CAR,2023,2,17.0,20.0,22.03059843637075,20.20939940259585,1.8211990337748993,42.2399978389666,22.36607679771804,20.548555040803873,1.8175217569141648,42.91463183852191,-3.0,39.5,4.821199033774899,2.7399978389666018,PUSH,LOSS,0.6375873642977758,0.57772548205157,0.5466536402531224,0.5376480290091556
2023_02_NYG_ARI,2023,2,28.0,31.0,19.276448700001676,18.444588254548258,0.8318604454534189,37.72103695454993,20.074222288450198,19.48258769074702,0.5916345977031747,39.55680997919722,-5.0,40.0,5.831860445453419,-2.2789630454500696,WIN,LOSS,0.6648769362713537,0.5647745611358007,0.5515070290922265,0.5362066641688521
2023_02_NYJ_DAL,2023,2,30.0,10.0,22.839285917258312,18.615276977583385,4.224008939674928,41.4545628948417,23.562925488817488,18.768087528493833,4.794837960323653,42.33101301731132,8.5,38.5,-4.275991060325072,2.9545628948417004,LOSS,WIN,0.622559247828161,0.5837251705556544,0.5440317002262323,0.5383186254810581
2023_02_SEA_DET,2023,2,31.0,37.0,22.970049244359377,18.061469625413437,4.908579618945939,41.03151886977281,23.829878657743944,18.1867907502364,5.6430879075075415,42.016669407980345,4.5,47.5,0.4085796189459394,-6.46848113022719,LOSS,LOSS,0.5118995715755589,0.6782796872542335,0.5253713537752057,0.5492794716987257
2023_02_SF_LA,2023,2,23.0,30.0,22.386146767622062,23.071918201223543,-0.6857714336014809,45.458064968845605,22.008481370196026,23.29734092778411,-1.2888595575880832,45.305822297980136,-7.5,45.0,6.814228566398519,0.4580649688456049,WIN,WIN,0.6905949074515969,0.5130748961661891,0.5562151730317091,0.530508179176651
2023_02_WAS_DEN,2023,2,33.0,35.0,22.266204237278252,16.940302852346576,5.325901384931676,39.20650708962483,23.41039076398284,17.25020042034255,6.160190343640286,40.66059118432539,4.0,38.5,1.3259013849316759,0.7065070896248287,LOSS,WIN,0.5385613569130259,0.5201613900961186,0.5298058316807323,0.5312861789549601
2023_03_ATL_DET,2023,3,20.0,6.0,22.879612006817315,19.126417449605697,3.753194557211618,42.00602945642301,23.476117082852447,19.264664136159816,4.2114529466926305,42.74078121901226,3.0,47.5,0.7531945572116179,-5.493970543576992,WIN,WIN,0.5219284203459374,0.6528979649868718,0.5270377838279601,0.5462440430330272
2023_03_BUF_WAS,2023,3,3.0,37.0,19.286644929717347,22.783096089798338,-3.4964511600809907,42.06974101951569,19.008277947490164,23.779844260903552,-4.771566313413388,42.788122208393716,-5.5,44.0,2.0035488399190093,-1.9302589804843109,LOSS,WIN,0.5581530080592909,0.5549319715669282,0.5330787061335861,0.5351160833654917
2023_03_CAR_SEA,2023,3,37.0,27.0,20.192799485891797,17.1453384413893,3.047461044502498,37.338137927281096,21.30463818140379,17.967657999917655,3.336980181486134,39.272296181321444,5.0,42.5,-1.9525389554975021,-5.161862072718904,LOSS,LOSS,0.5566825802821322,0.6440815174693151,0.5328324361693324,0.5452087861572298
2023_03_CHI_KC,2023,3,41.0,10.0,27.091186079766167,17.722659776055238,9.36852630371093,44.813845855821405,27.998265845226328,16.828868304032056,11.169397541194272,44.827134149258384,13.0,48.0,-3.6314736962890706,-3.1861541441785945,LOSS,LOSS,0.6045531023791872,0.5901790855669704,0.5409290354706718,0.5390422795585054
2023_03_DAL_ARI,2023,3,28.0,16.0,19.2581855452388,22.861905250285826,-3.603719705047027,42.120090795524625,18.960526089318122,23.86500860898625,-4.904482519668127,42.825534698304374,-11.5,43.5,7.896280294952973,-1.379909204475375,WIN,LOSS,0.7178758154199794,0.5393309188809713,0.5613893731000217,0.5333941711443101
2023_03_DEN_MIA,2023,3,70.0,20.0,21.954908700392878,21.48455061535586,0.4703580850370166,43.439459315748735,21.97479583173584,21.8310979736789,0.14369785805694146,43.80589380541474,6.0,47.5,-5.529641914962983,-4.060540684251265,LOSS,LOSS,0.6567994762167223,0.6143129584599406,0.5500567032144489,0.5417729702122791
2023_03_HOU_JAX,2023,3,17.0,37.0,21.608552338275025,18.4675770466323,3.140975291642725,40.076129384907325,22.37980951722543,18.926956048145225,3.4528534690802055,41.306765565370654,7.5,43.5,-4.359024708357275,-3.4238706150926745,WIN,LOSS,0.6248606536158554,0.5967783658109522,0.5444311755891339,0.5397849019973741
2023_03_IND_BAL,2023,3,19.0,22.0,23.222352812913268,15.33727082088842,7.885081992024848,38.55962363380169,24.75559420631735,15.424329084668035,9.331265121649317,40.179923290985386,7.5,43.5,0.3850819920248476,-4.940376366198308,LOSS,WIN,0.5112154068282101,0.6381582838121795,0.5252577069603707,0.5445181474873471
2023_03_LAC_MIN,2023,3,24.0,28.0,22.38292658041968,21.601406917221848,0.7815196631978338,43.98433349764153,22.370010489231596,21.84075303852363,0.5292574507079691,44.210763527755226,1.0,54.0,-0.21848033680216616,-10.01566650235847,WIN,WIN,0.5063637480629152,0.7632312462487232,0.5244518598512203,0.5602957552185701
2023_03_LA_CIN,2023,3,19.0,16.0,23.36488626816609,21.043867841710767,2.3210184264553213,44.40875410987685,23.48148841215347,21.044641600455872,2.4368468116975976,44.52613001260934,3.0,45.5,-0.6789815735446787,-1.0912458901231474,PUSH,WIN,0.5197696582328962,0.5311222033378723,0.5266789669748388,0.5324906921526783
2023_03_NE_NYJ,2023,3,10.0,15.0,18.73349557357447,21.091279069156673,-2.357783495582204,39.82477464273114,18.879675069881834,22.240320910774194,-3.360645840892359,41.11999598065603,-2.5,35.5,0.14221650441779587,4.324774642731143,LOSS,LOSS,0.5041424877760965,0.6215244350565183,0.5240829312828944,0.5425976813685001
2023_03_NO_GB,2023,3,18.0,17.0,20.395520621109263,20.221936525540595,0.1735840955686676,40.617457146649855,20.742483003638448,20.966517110322023,-0.2240341066835747,41.70900011396047,-1.5,41.5,1.6735840955686676,-0.8825428533501452,WIN,WIN,0.5486280499175076,0.5251788626052781,0.531485393730101,0.5318373454475612
2023_03_NYG_SF,2023,3,30.0,12.0,24.563154788438336,19.19830132735562,5.364853461082717,43.761456115793955,25.12680493354778,18.91834916233615,6.208455771211634,44.04515409588393,10.5,43.5,-5.135146538917283,0.2614561157939548,LOSS,LOSS,0.6461474682103348,0.5074638414573888,0.5481622698608815,0.5298923906512425
2023_03_PHI_TB,2023,3,11.0,25.0,22.359349787147362,21.437264511682116,0.9220852754652462,43.79661429882948,22.387355210980648,21.683923234847963,0.7034319761326844,44.07127844582861,-6.0,44.0,6.922085275465246,-0.20338570117051802,LOSS,WIN,0.6933654052945487,0.5058062271637903,0.5567314932507265,0.5297104937823537
2023_03_PIT_LV,2023,3,18.0,23.0,21.274767844395498,17.998832262458333,3.2759355819371656,39.273600106853834,22.16526361108371,18.545181158086038,3.6200824529976723,40.71044476916975,3.0,43.5,0.2759355819371656,-4.226399893146166,LOSS,WIN,0.5080370628874793,0.6188443822777443,0.5247297837125057,0.5422906670456057
2023_03_TEN_CLE,2023,3,27.0,3.0,22.524912469004924,20.23747361204584,2.287438856959085,42.762386081050764,22.849015894159756,20.45377744944915,2.395238444710609,43.302793343608904,3.5,38.0,-1.2125611430409151,4.762386081050764,LOSS,LOSS,0.5352740742109212,0.633374073122783,0.5292581675412575,0.5439630123724147
2023_04_ARI_SF,2023,4,35.0,16.0,25.92613091975242,17.84952239634048,8.076608523411942,43.7756533160929,26.81214427742167,17.243559073196774,9.568585204224894,44.055703350618444,15.0,44.0,-6.923391476588058,-0.22434668390710044,LOSS,LOSS,0.6933988902834693,0.5064045694223088,0.5567377454096519,0.5297761518314272
2023_04_ATL_JAX,2023,4,23.0,7.0,21.52572645254876,18.813810136577754,2.7119163159710062,40.33953658912651,22.21184911840753,19.29064163486657,2.9212074835409587,41.5024907532741,3.5,42.5,-0.7880836840289938,-2.16046341087349,LOSS,WIN,0.5229430826379965,0.5614339523034458,0.5272064617533562,0.5358360918759405
2023_04_BAL_CLE,2023,4,3.0,28.0,21.781387178180275,21.523208372661628,0.25817880551864647,43.3045955508419,21.793235024952075,21.912448021968025,-0.11921299701595162,43.7056830469201,-2.0,38.5,2.2581788055186465,4.804595550841903,LOSS,LOSS,0.5654806814864949,0.6345105319853286,0.5343077874436174,0.5440946697087062
2023_04_CIN_TEN,2023,4,27.0,3.0,21.949703778693262,20.842251607821265,1.1074521708719978,42.79195538651453,22.12894226810341,21.19582260010835,0.9331196679950615,43.32476486821176,-2.5,41.5,3.6074521708719978,1.2919553865145303,WIN,LOSS,0.6038774023487917,0.536831389254281,0.5408133345299684,0.5331189099503754
2023_04_DEN_CHI,2023,4,28.0,31.0,20.339204109718782,21.651669537697224,-1.3124654279784416,41.99087364741601,20.332062515079365,22.397457153306313,-2.0653946382269472,42.72951966838568,-3.0,47.0,1.6875345720215584,-5.009126352583991,PUSH,LOSS,0.5490313595295048,0.6400005007379332,0.5315527701174648,0.5447325427502059
2023_04_DET_GB,2023,4,20.0,34.0,20.031870636816926,21.85733942699066,-1.8254687901737334,41.88921006380758,19.97646122200566,22.677517141184204,-2.7010559191785406,42.653978363189864,-2.5,45.0,0.6745312098262666,-3.1107899361924183,LOSS,LOSS,0.5196401837014277,0.5880814488513392,0.5266574487619696,0.5388068066375724
2023_04_KC_NYJ,2023,4,20.0,23.0,19.154800709172356,26.232549393320696,-7.0777486841483395,45.38735010249305,18.022066844905606,27.231210646847803,-9.209143801942199,45.25327749175341,-9.5,41.5,2.4222513158516605,3.887350102493052,WIN,WIN,0.5701905894617029,0.6095645355885407,0.5350995344638139,0.5412322936815285
2023_04_LA_IND,2023,4,23.0,29.0,18.911449738735797,21.48969767206316,-2.5782479333273614,40.401147410798956,18.957223983326326,22.591046799709947,-3.6338228163836233,41.54827078303627,-1.0,44.5,-1.5782479333273614,-4.098852589201044,WIN,LOSS,0.5458705499898939,0.6153610861801028,0.5310249196274164,0.5418925613254751
2023_04_LV_LAC,2023,4,24.0,17.0,23.91284248401842,21.846748256821915,2.066094227196505,45.75959074084034,23.82542119012861,21.70445036480462,2.120970825323983,45.52987155493323,7.0,49.0,-4.933905772803495,-3.2404092591596623,PUSH,WIN,0.6406686153150682,0.5916875934266699,0.5471953363586428,0.5392117870512043
2023_04_MIA_BUF,2023,4,48.0,20.0,24.410728406357,21.66523481714141,2.745493589215588,46.075963223498405,24.363882845845527,21.401069840597703,2.9628130052478268,45.76495268644323,2.5,53.0,0.24549358921558806,-6.924036776501595,WIN,LOSS,0.5071504922540022,0.6898742071837191,0.5245825308873351,0.5506972040504665
2023_04_MIN_CAR,2023,4,13.0,21.0,21.35054043294839,20.47942300143763,0.8711174315107577,41.829963434386016,21.625116444543284,20.984838606108273,0.6402778384350107,42.60995505065156,-4.5,46.5,5.371117431510758,-4.670036565613984,LOSS,WIN,0.6525334467259187,0.6308835612319681,0.5492956132175085,0.5436749397047055
2023_04_NE_DAL,2023,4,38.0,3.0,23.489466725879566,20.999851148783645,2.489615577095922,44.489317874663215,23.615874105879257,20.97011895431742,2.6457551515618394,44.58599306019668,6.5,43.0,-4.010384422904078,1.4893178746632145,LOSS,LOSS,0.6151686463379862,0.5424379880222249,0.5427534871414126,0.5337365492755468
2023_04_PIT_HOU,2023,4,30.0,6.0,19.8108713213431,20.32222282083084,-0.5113514994877413,40.133094142173945,20.138178554301756,21.21091477447587,-1.072736220174117,41.34909332877763,-3.0,41.5,2.4886485005122587,-1.3669058578260547,WIN,WIN,0.5720938078770194,0.5389614766647963,0.5354198901545345,0.5333534770105511
2023_04_SEA_NYG,2023,4,3.0,24.0,21.702802253511436,19.66475187085525,2.0380503826561878,41.367554124366684,22.176291379607683,20.090069617266487,2.086221762341197,42.26636099687417,-2.5,46.5,4.538050382656188,-5.132445875633316,LOSS,WIN,0.6298074331842912,0.6432967979216639,0.54529227398689,0.5451170702707231
2023_04_TB_NO,2023,4,9.0,26.0,19.125563061057967,19.937756520372485,-0.8121934593145177,39.06331958143045,19.55434332805248,20.999852125640384,-1.4455087975879022,40.55419545369286,4.0,41.0,-4.812193459314518,-1.9366804185695514,WIN,WIN,0.6373407759030593,0.5551135499606907,0.5466103524793565,0.5351361696433401
2023_04_WAS_PHI,2023,4,34.0,31.0,24.089879386587434,17.4339859957025,6.655893390884934,41.523865382289934,25.09534435927969,17.28716399362121,7.80818036565848,42.3825083529009,9.5,43.0,-2.844106609115066,-1.4761346177100663,WIN,LOSS,0.582253146619316,0.5420637336414035,0.5371344146410779,0.5336952959148463
2023_05_BAL_PIT,2023,5,17.0,10.0,20.07197622488315,20.979874451446722,-0.9078982265635709,41.05185067632988,20.23384031956591,21.797936673154172,-1.5640963535882624,42.03177699272008,-4.5,38.5,3.592101773436429,2.5518506763298774,WIN,LOSS,0.6034454483176005,0.5724495608369469,0.5407393962280981,0.537059886191999
2023_05_CAR_DET,2023,5,42.0,24.0,23.4080328090447,17.244460583840052,6.163572225204646,40.65249339288475,24.466590102589358,17.26844375596091,7.198146346628448,41.73503385855027,9.5,43.5,-3.3364277747953537,-2.8475066071152497,LOSS,LOSS,0.5962326007683737,0.5807339988026579,0.5395076292979376,0.5379840515110994
2023_05_CHI_WAS,2023,5,20.0,40.0,20.51478083430754,18.338946334631533,2.1758344996760073,38.85372716893907,21.327703592587405,19.07075384915695,2.2569497434304533,40.398457441744355,6.0,45.5,-3.8241655003239927,-6.6462728310609265,WIN,LOSS,0.6099617876162805,0.6828262400240166,0.5418569849711454,0.5498328728276115
2023_05_CIN_ARI,2023,5,20.0,34.0,20.329467145186534,22.001260027694922,-1.671792882508388,42.33072717288145,20.23570598658729,22.74634244360105,-2.5106364570137587,42.98204843018834,-3.0,45.5,1.328207117491612,-3.1692728271185473,LOSS,LOSS,0.5386282050471405,0.589709444323667,0.5298169723232988,0.5389895359644509
2023_05_DAL_SF,2023,5,42.0,10.0,25.458336569639126,21.34577222668539,4.1125643429537355,46.80410879632451,25.48137487860204,20.82462766061539,4.656747217986649,46.30600253921743,3.5,45.0,0.6125643429537355,1.8041087963245133,WIN,WIN,0.5178371710697044,0.5513625448914172,0.5263578189005487,0.5347214621885544
2023_05_GB_LV,2023,5,17.0,13.0,23.76497634970165,17.859866052891494,5.905110296810157,41.624842402593146,24.667713137138488,17.789826368882775,6.877886768255713,42.45753950602126,1.0,45.0,4.905110296810157,-3.3751575974068544,WIN,WIN,0.6398822458874663,0.5954282143053372,0.5470569488498529,0.5396327375925307
2023_05_HOU_ATL,2023,5,21.0,19.0,21.464019231007164,20.21626429671821,1.2477549342889525,41.68028352772538,21.802851814949296,20.69588331693289,1.1069684980164103,42.498735131882185,2.5,42.0,-1.2522450657110475,-0.31971647227462086,WIN,WIN,0.5364253390621787,0.5091267480807256,0.5294499297705555,0.5300748745051688
2023_05_JAX_BUF,2023,5,20.0,25.0,25.391605746289898,18.560388387031622,6.831217359258275,43.95199413332152,26.106078797933105,18.080654908098094,8.025423889835011,44.1867337060312,5.5,48.5,1.3312173592582752,-4.54800586667848,LOSS,WIN,0.5387154767719365,0.6275841677570794,0.5298315169088413,0.5432942355413043
2023_05_KC_MIN,2023,5,20.0,27.0,22.951418761980726,26.212992435910117,-3.261573673929391,49.16441119789084,21.789649620376167,26.270179783315008,-4.480530162938844,48.059829403691175,-3.5,52.5,0.2384263260706092,-3.3355888021091573,LOSS,WIN,0.5069446651685537,0.5943306703148237,0.5245483447841359,0.5395091314717632
2023_05_NO_NE,2023,5,0.0,34.0,23.226992408839898,19.98740457668854,3.239587832151358,43.21439698552844,23.606852442004243,20.031808401795292,3.575044040208949,43.638660843799535,2.5,38.5,0.7395878321513578,4.714396985528438,LOSS,LOSS,0.5215326641591812,0.6320805807307497,0.5269719979281847,0.543813320099265
2023_05_NYG_MIA,2023,5,31.0,16.0,24.44339800622072,18.110326815667968,6.333071190552751,42.553724821888686,25.27795967489911,17.869787551885732,7.408172123013379,43.147747226784844,12.5,47.5,-6.166928809447249,-4.946275178111314,LOSS,WIN,0.6737439463711379,0.6383164740487424,0.5531139746114075,0.5445365434459448
2023_05_NYJ_DEN,2023,5,21.0,31.0,23.425812488380682,18.2624201932579,5.163392295122783,41.68823268163858,24.231733735306197,18.27290802941827,5.958825705887925,42.50464176472447,2.5,42.5,2.663392295122783,-0.8117673183614187,LOSS,LOSS,0.5770945679912719,0.5231620127272375,0.5362628603908121,0.531615757106162
2023_05_PHI_LA,2023,5,14.0,23.0,23.352485460796707,24.765947879257084,-1.4134624184603766,48.11843334005379,22.546036967441836,24.736576743250872,-2.1905397758090337,47.28261371069271,-3.5,50.5,2.0865375815396234,-2.381566659946209,LOSS,WIN,0.5605435485277562,0.5676633263149975,0.5334793319132636,0.5365274941143423
2023_05_TEN_IND,2023,5,23.0,16.0,17.48113465468149,20.58739392380984,-3.1062592691283513,38.06852857849133,17.76346690039607,22.051547343154564,-4.288080442758492,39.815014243550635,-2.5,43.5,-0.6062592691283513,-5.431471421508668,LOSS,WIN,0.5176536950600543,0.6512449437047924,0.5263273307597881,0.5460492494690501
2023_06_ARI_LA,2023,6,26.0,9.0,24.977416683572137,19.803469131855014,5.173947551717124,44.780885815427155,25.387273916515635,19.415369216566507,5.971904699949131,44.80264313308214,7.0,48.0,-1.8260524482828764,-3.2191141845728453,LOSS,WIN,0.5530331118281528,0.5910956663623219,0.532221704816336,0.539145256620695
2023_06_BAL_TEN,2023,6,16.0,24.0,21.483890159847093,21.78116281900499,-0.2972726591578976,43.26505297885208,21.434414622669067,22.241886246357176,-0.8074716236881083,43.67630086902624,-5.5,42.5,5.202727340842102,0.7650529788520828,LOSS,LOSS,0.6479806788654451,0.5218304926170062,0.5484869049124994,0.5314694941794892
2023_06_CAR_MIA,2023,6,42.0,21.0,22.902838454411278,17.04777476392353,5.855063690487746,39.95061321833481,24.0146873451464,17.1988132111667,6.815874133979696,41.2135005563131,14.0,47.5,-8.144936309512254,-7.549386781665191,LOSS,LOSS,0.7239774071146792,0.7054858700692177,0.5625765646980211,0.5526420073942537
2023_06_DAL_LAC,2023,6,17.0,20.0,23.190510684430087,22.116297868432707,1.074212815997381,45.30680855286279,23.042681905668385,22.15074904550863,0.8919328601597554,45.193430951177014,-1.5,49.5,2.574212815997381,-4.19319144713721,LOSS,WIN,0.5745439582520326,0.6179383789699969,0.53583268102153,0.5421870207017527
2023_06_DEN_KC,2023,6,19.0,8.0,29.08004523616148,21.287236952836334,7.792808283325147,50.36728218899782,29.085276899295252,19.86834791692425,9.216928982371,48.9536248162195,10.5,47.5,-2.7071917166748527,2.8672821889978195,LOSS,LOSS,0.5783460936528696,0.5812868889796647,0.5364741180599418,0.5380458570514927
2023_06_DET_TB,2023,6,6.0,20.0,22.335352519873258,23.226667651588862,-0.8913151317156043,45.56202017146212,21.919759057825576,23.463307336898122,-1.5435482790725492,45.3830663947237,-3.0,43.5,2.1086848682843957,2.062020171462123,LOSS,LOSS,0.561181145069596,0.5586554080973859,0.5335862400297314,0.5355282098686311
2023_06_IND_JAX,2023,6,37.0,20.0,23.033672359283642,15.97514568295054,7.058526676333102,39.00881804223418,24.410390164155114,16.103307824664544,8.307082339490572,40.51369798881966,4.0,44.0,3.058526676333102,-4.991181957765818,WIN,LOSS,0.5883554937843608,0.6395199762225954,0.5381682312883189,0.5446765851605615
2023_06_MIN_CHI,2023,6,13.0,19.0,21.513138346100117,23.031755802957296,-1.5186174568571786,44.54489414905741,21.153225983999356,23.474063124955833,-2.320837140956475,44.62728910895519,-3.0,44.5,1.4813825431428214,0.04489414905741285,LOSS,LOSS,0.543066553139436,0.5012816750681133,0.5305570052361377,0.5292140027289015
2023_06_NE_LV,2023,6,21.0,17.0,23.086261276998815,21.597603376116083,1.4886579008827319,44.683864653114895,23.068011097304606,21.662540289917864,1.4054708073867446,44.73055138722247,3.0,41.5,-1.5113420991172681,3.1838646531148953,LOSS,LOSS,0.5439340387163424,0.5901153990852205,0.5307017325424913,0.5390351263771366
2023_06_NO_HOU,2023,6,20.0,13.0,22.661016951073638,21.495754045000215,1.1652629060734228,44.15677099607385,22.67182316583845,21.667070349410142,1.0047528164283106,44.33889351524859,-2.0,42.5,3.1652629060734228,1.6567709960738526,WIN,LOSS,0.5913853319446094,0.5471883637985491,0.5386827334021627,0.5342605072173985
2023_06_NYG_BUF,2023,6,14.0,9.0,26.104842947959426,17.612013895656283,8.492829052303144,43.71685684361571,27.048168814004946,16.963845713987055,10.084323100017887,44.012014527992,15.5,43.5,-7.0071709476968564,0.21685684361570878,WIN,LOSS,0.6955432283052461,0.5061907695829295,0.5571387199626321,0.5297526908215247
2023_06_PHI_NYJ,2023,6,20.0,14.0,19.736276997822664,24.04063978915489,-4.3043627913322275,43.77691678697755,19.141997212818058,24.91464496207075,-5.772647749252689,44.05664217488881,-6.5,43.0,2.1956372086677725,0.7769167869775515,WIN,LOSS,0.563682859114312,0.5221686758228836,0.534005941474307,0.5315066403597026
2023_06_SEA_CIN,2023,6,17.0,13.0,22.791111632961247,19.13517070736639,3.655940925594855,41.92628234032764,23.386235590054135,19.295289393621694,4.090946196432441,42.68152498367583,3.0,45.5,0.6559409255948552,-3.5737176596723614,WIN,WIN,0.5190993138956145,0.600924299269044,0.5265675607257961,0.5402529312159707
2023_06_SF_CLE,2023,6,19.0,17.0,21.300067388203153,24.569391155703585,-3.269323767500431,45.86945854390674,20.560687866948037,25.050821152926424,-4.49013328597839,45.61150901987446,-9.5,36.0,6.230676232499569,9.869458543906738,WIN,PUSH,0.6754200427865472,0.7599906056130461,0.553419574631015,0.5598427816122201
2023_06_WAS_ATL,2023,6,16.0,24.0,21.296425046906478,17.89031739767355,3.406107649232929,39.18674244458003,22.213641695403712,18.43226333454444,3.7813783608592706,40.64590502994815,1.5,42.0,1.9061076492329292,-2.8132575554199732,LOSS,WIN,0.5553434566293958,0.579776079477216,0.5326082571502448,0.5378770086054194
2023_07_ARI_SEA,2023,7,20.0,10.0,22.259901188071595,18.61496999914541,3.6449311889261864,40.874871187217,22.988788064098905,18.911484006937826,4.0773040571610775,41.90027207103673,9.5,43.5,-5.855068811073814,-2.6251288127829966,LOSS,WIN,0.6654941488998936,0.574505981881453,0.5516183685465219,0.537288963967812
2023_07_ATL_TB,2023,7,13.0,16.0,22.07336979037148,19.03770577917083,3.035664011200648,41.11107556954231,22.699073329452624,19.37671082467721,3.3223625047754153,42.075784154129835,3.0,37.5,0.035664011200648105,3.611075569542308,LOSS,LOSS,0.5010388401757625,0.6019561584660904,0.5235674364830059,0.540369603130237
2023_07_BUF_NE,2023,7,29.0,25.0,21.396596553425532,23.69866525747273,-2.3020687040471977,45.095261810898265,20.872315499925385,24.163925271339487,-3.291609771414103,45.03624077126487,-7.5,41.0,5.197931295952802,4.095261810898265,WIN,WIN,0.6478506930934,0.6152628862176609,0.5484638677107267,0.5418813528687515
2023_07_CLE_IND,2023,7,38.0,39.0,17.567161417408812,21.40360970135582,-3.836448283947007,38.97077111876463,17.646285595533193,22.839141559664803,-5.1928559641316125,40.485427155197996,-3.5,40.0,-0.3364482839470071,-1.029228881235369,LOSS,LOSS,0.5097992689873481,0.5293567779116822,0.5250224806103274,0.5322965588903211
2023_07_DET_BAL,2023,7,38.0,6.0,25.35541165827998,22.751937414402796,2.6034742438771836,48.10734907268278,25.030607344398327,22.243770181865052,2.786837162533271,47.27437752626338,3.0,43.5,-0.3965257561228164,4.60734907268278,LOSS,WIN,0.5115486115301486,0.6291898409511021,0.5253130553170721,0.5434793773141211
2023_07_GB_DEN,2023,7,19.0,17.0,23.559747859224323,17.890284016152822,5.669463843071501,41.45003187537715,24.456772013561633,17.87087422174111,6.585897791820522,42.327646235302744,1.5,44.0,4.169463843071501,-2.5499681246228505,WIN,WIN,0.6196003067397259,0.5723967041676739,0.5435191142598996,0.5370540008636654
2023_07_JAX_NO,2023,7,24.0,31.0,22.49590686978485,20.86516959730257,1.6307372724822784,43.36107646708742,22.664586159952687,21.08306513144988,1.581521028502808,43.74765129140257,2.5,41.0,-0.8692627275177216,2.361076467087422,WIN,WIN,0.5253033836277015,0.5670867166970872,0.5275989127242472,0.5364634259971284
2023_07_LAC_KC,2023,7,31.0,17.0,29.14879662665922,22.20402685833513,6.94476976832409,51.352823484994346,28.92602971643738,20.759903298858628,8.166126417578752,49.68593301529601,5.5,48.5,1.4447697683240897,2.852823484994346,WIN,LOSS,0.5420061438356235,0.5808826649902512,0.5303801308764183,0.5380006687101954
2023_07_LV_CHI,2023,7,30.0,12.0,21.79284352352927,23.42977061934283,-1.636927095813558,45.222614142872104,21.331717902498276,23.799152243765697,-2.4674343412674222,45.13087014626397,-2.5,38.5,0.863072904186442,6.722614142872104,WIN,WIN,0.5251234431880616,0.6847700829305771,0.5275689899134174,0.5500704579068341
2023_07_MIA_PHI,2023,7,31.0,17.0,24.441970899866728,22.312270416333053,2.129700483533675,46.75424131619978,24.234366805361127,22.034581614753456,2.1997851906076735,46.26894842011458,3.0,52.0,-0.870299516466325,-5.245758683800219,LOSS,WIN,0.5253335229598866,0.6463162200411698,0.5276039247444525,0.5454703480374175
2023_07_PIT_LA,2023,7,17.0,24.0,22.941088743647267,20.774566464370974,2.1665222792762933,43.71565520801824,23.128266321593618,20.882855328947283,2.245410992646336,44.0111216505409,3.5,44.0,-1.3334777207237067,-0.2843447919817592,WIN,WIN,0.5387810070417377,0.5081171626535472,0.5298424382643286,0.5299640838193426
2023_07_SF_MIN,2023,7,22.0,17.0,23.829426612643875,25.230241767490647,-1.4008151548467715,49.059668380134525,22.903565743722464,25.078434324405695,-2.174868580683228,47.98200006812816,-7.0,44.5,5.5991848451532285,4.559668380134525,WIN,LOSS,0.6586646877182145,0.6278999012647407,0.5503905112293261,0.5433306217547256
2023_07_WAS_NYG,2023,7,14.0,7.0,21.744561704571375,19.266333652664716,2.478228051906658,41.010895357236095,22.316494983002528,19.68485008759515,2.6316448954073777,42.00134507059768,-3.0,37.0,5.478228051906658,4.010895357236095,WIN,LOSS,0.6554180413012096,0.6129535322591735,0.5498098862299993,0.5416179945159245
2023_08_ATL_TEN,2023,8,28.0,23.0,22.048203046390267,20.422946009927667,1.6252570364625996,42.471149056317934,22.330559819587798,20.755829338876488,1.5747304807113105,43.086389158464286,-2.5,35.0,4.1252570364626,7.471149056317934,WIN,WIN,0.6183703326309578,0.703552645462183,0.5433063735245391,0.5523987793550245
2023_08_BAL_ARI,2023,8,24.0,31.0,18.758115839541475,25.89736332680385,-7.139247487262374,44.65547916634532,17.712056337191772,26.99740316399753,-9.285346826805757,44.7094595011893,-9.5,44.5,2.3607525127376263,0.155479166345323,WIN,WIN,0.5684263216913064,0.5044386630921447,0.5348027868304772,0.5295604278000664
2023_08_CHI_LAC,2023,8,30.0,13.0,24.903064484303236,20.18316528829624,4.719899196006995,45.08622977259948,25.219411965301994,19.81011753396703,5.4092944313349625,45.029529499269024,9.5,46.0,-4.780100803993005,-0.9137702274005193,LOSS,WIN,0.6364615601564254,0.5260685291624599,0.5464560845661458,0.5319351100188423
2023_08_CIN_SF,2023,8,17.0,31.0,27.995693239551244,20.87678156185615,7.118911677695095,48.87247480140739,28.11240540215472,19.73050014697843,8.38190525517629,47.84290554913315,4.0,44.0,3.1189116776950954,4.872474801407392,LOSS,WIN,0.5900702552594744,0.6363356529932447,0.5384593159977155,0.5443063818093518
2023_08_CLE_SEA,2023,8,24.0,20.0,20.956599204013322,18.40467569757613,2.5519235064371912,39.361274901589454,21.74927622148666,19.026315458622342,2.722960762864315,40.775591680109,4.0,39.5,-1.4480764935628088,-0.13872509841054637,PUSH,LOSS,0.542101928330137,0.5039603798965878,0.5303961058036146,0.5295079448524911
2023_08_HOU_CAR,2023,8,15.0,13.0,21.88804206932762,21.351147610729132,0.5368944585984892,43.239189680056754,21.941613012021037,21.715470087196955,0.22614292482408382,43.65708309921799,-3.0,43.0,3.536894458598489,0.23918968005675367,WIN,LOSS,0.6018908905381903,0.5068282619061215,0.5404734641988742,0.5298226453150797
2023_08_JAX_PIT,2023,8,10.0,20.0,21.61357256128056,20.233812494346218,1.3797600669343417,41.84738505562677,21.94671798498733,20.676182232069365,1.2705357529179675,42.622900217056696,-2.5,41.0,3.8797600669343417,0.8473850556267735,LOSS,LOSS,0.6115183787246277,0.5241770683950351,0.542124659080278,0.5317272728442423
2023_08_KC_DEN,2023,8,24.0,9.0,23.03319904952457,28.289490340834178,-5.2562912913096085,51.32268939035875,21.3556808343404,28.307860988762,-6.9521801544216,49.6635418231024,-7.0,45.5,1.7437087086903915,5.822689390358747,WIN,LOSS,0.5506548427659502,0.6615437017354499,0.5318240617562433,0.5472683400508437
2023_08_LA_DAL,2023,8,43.0,20.0,25.83359154283307,22.31539991016334,3.51819163266973,48.14899145299641,25.61279066811802,21.692529302319553,3.920261365798469,47.30531997043757,6.5,44.5,-2.98180836733027,3.6489914529964125,LOSS,WIN,0.5861744808494419,0.6030027007157067,0.5377983746791339,0.540488013118663
2023_08_LV_DET,2023,8,26.0,14.0,25.97919502030655,23.0068995741928,2.9722954461137476,48.98609459449935,25.585586799527224,22.341744137356404,3.243842662170818,47.92733093688363,7.0,46.0,-4.027704553886252,2.986094594499349,LOSS,LOSS,0.6156518956083434,0.5846052564405341,0.542836856386582,0.5384171622711187
2023_08_MIN_GB,2023,8,10.0,24.0,20.3673746780824,23.952541881031664,-3.5851672029492647,44.31991655911406,19.789312478286682,24.670806635465617,-4.881494157178933,44.4601191137523,-1.0,41.5,-2.5851672029492647,2.8199165591140627,WIN,LOSS,0.5748574335082705,0.5799623638253413,0.5358855251137634,0.5378978211081313
2023_08_NE_MIA,2023,8,31.0,17.0,24.688305368072857,21.22887141750967,3.459433950563188,45.91717678558253,24.747210500599,20.89975564295627,3.8474548576427336,45.64696614355527,7.5,46.5,-4.040566049436812,-0.5828232144174734,LOSS,LOSS,0.6160106281976089,0.5166341220737779,0.5428987627482188,0.530898880041532
2023_08_NO_IND,2023,8,27.0,38.0,18.044958468935235,21.746298693578925,-3.7013402246436904,39.79125716251416,18.034823438929614,23.060267318906234,-5.025443879976624,41.09509075783585,-2.0,43.5,-1.7013402246436904,-3.7087428374858433,WIN,LOSS,0.5494304324434676,0.6046504323256702,0.5316194459189572,0.540674605335957
2023_08_NYJ_NYG,2023,8,10.0,13.0,22.38281048885914,19.080518421305563,3.3022920675535765,41.463328910164705,22.995133666950792,19.342392953514796,3.652740713435997,42.33752662046559,-3.0,35.0,6.3022920675535765,6.463328910164705,PUSH,LOSS,0.6772987914312145,0.6781475296530138,0.5537628470257032,0.5492634328803213
2023_08_PHI_WAS,2023,8,31.0,38.0,20.601186313402923,24.260591519074627,-3.6594052056717032,44.86177783247755,19.94463389712322,24.91811619197028,-4.973482294847061,44.8627500890935,-7.0,42.5,3.3405947943282968,2.36177783247755,PUSH,WIN,0.5963504269905704,0.5671064560212142,0.5395277087609188,0.5364656190251921
2023_08_TB_BUF,2023,8,24.0,18.0,25.56883601790821,19.6190600854489,5.9497759324593105,45.18789610335711,26.01915234997028,19.085920495768622,6.933231854201659,45.1050728457389,10.0,43.0,-4.0502240675406895,2.1878961033571116,WIN,LOSS,0.6162799441430743,0.5622077024247802,0.5429452489097626,0.5359218829817249
2023_09_ARI_CLE,2023,9,27.0,0.0,21.943152554199006,19.87803554133312,2.065117012865887,41.82118809553212,22.361597240467844,20.241837279163363,2.1197599613044833,42.60343451963121,13.0,38.0,-10.934882987134113,3.821188095532122,LOSS,LOSS,0.787682177486674,0.6077461844019126,0.5758448183824957,0.5410257195400098
2023_09_BUF_CIN,2023,9,24.0,18.0,21.72189115222867,25.46106188036542,-3.739170728136749,47.18295303259409,20.757591924013795,25.82991149347233,-5.072319569458532,46.587503417486126,1.5,51.0,-5.239170728136749,-3.8170469674059078,LOSS,WIN,0.6489678272750813,0.6076322937493763,0.5486619493693065,0.5410127894446218
2023_09_CHI_NO,2023,9,24.0,17.0,24.39152121966739,20.03387935397174,4.357641865695648,44.42540057363913,24.749460703559148,19.78903849332311,4.9604222102360405,44.538499196882256,9.0,42.0,-4.642358134304352,2.4254005736391306,WIN,LOSS,0.6326798225993789,0.5688963606761354,0.5457938609439982,0.5366645486221142
2023_09_DAL_PHI,2023,9,28.0,23.0,25.72814222423274,22.314572243764328,3.413569980468413,48.04271446799707,25.50848779372553,21.71786287547191,3.79062491825362,47.22635066919744,3.5,46.5,-0.08643001953158702,1.5427144679970723,LOSS,WIN,0.5025175654443498,0.5439534549748646,0.5238130458257726,0.5339036344383353
2023_09_IND_CAR,2023,9,13.0,27.0,21.908599668638885,18.485484363792576,3.423115304846309,40.394084032431465,22.672737417457427,18.870284909818842,3.8024525076385842,41.54302232727627,-1.5,45.0,4.923115304846309,-4.605915967568535,LOSS,WIN,0.6403740103473743,0.6291510912133834,0.5471434795530364,0.5434749063855798
2023_09_LAC_NYJ,2023,9,6.0,27.0,20.790793952161906,21.960257269644664,-1.1694633174827587,42.75105122180657,20.703084951484808,22.59128600496121,-1.8882010534764002,43.294370956446016,-3.0,41.0,1.8305366825172413,1.75105122180657,LOSS,LOSS,0.5531625724657103,0.5498600177384854,0.5322433582929659,0.5345554752384698
2023_09_LA_GB,2023,9,20.0,3.0,22.322486531595974,23.337464990617928,-1.014978459021954,45.6599515222139,21.87952761772984,23.576306839979647,-1.6967792222498097,45.455834457709486,3.5,38.0,-4.514978459021954,7.659951522213902,LOSS,LOSS,0.6291711014274344,0.7082079172694382,0.5451813150740058,0.5529856917509809
2023_09_MIA_KC,2023,9,21.0,14.0,29.302149397115326,22.26364437326879,7.038505023846536,51.56579377038412,29.063227258905464,20.780953702756804,8.282273556148656,49.84418096166227,1.0,51.0,6.038505023846536,0.5657937703841185,WIN,LOSS,0.6703566812251505,0.5161483611177954,0.5524981996523354,0.53084555177182
2023_09_MIN_ATL,2023,9,28.0,31.0,22.043922247922694,20.137169817663725,1.906752430258969,42.18109206558642,22.397196286259028,20.473665513407614,1.9235307728514144,42.87086179966664,3.5,38.5,-1.593247569741031,3.6810920655864194,WIN,WIN,0.5463045490235814,0.6038881525577449,0.5310973714628268,0.5405882586451417
2023_09_NYG_LV,2023,9,30.0,6.0,24.06042150295602,19.45001780654438,4.610403696411641,43.5104393095004,24.56612721288349,19.292508402139728,5.2736188107437645,43.85863561502322,1.0,38.5,3.610403696411641,5.0104393095003985,WIN,LOSS,0.6039604424954935,0.6400356511204345,0.5408275509453471,0.5447366370152732
2023_09_SEA_BAL,2023,9,37.0,3.0,25.97642521676314,19.84849299831987,6.12793221844327,45.82491821508301,26.36619907326619,19.212214176679925,7.153984896586264,45.57841324994612,6.0,44.5,0.12793221844327007,1.3249182150830094,WIN,LOSS,0.5037264273248692,0.5377683243943987,0.5240138276877616,0.5332220731368522
2023_09_TB_HOU,2023,9,39.0,37.0,23.3166027227994,20.884830087296372,2.4317726355030267,44.20143281009577,23.473080825615572,20.898998729352247,2.5740820962633233,44.37207955496782,2.5,39.5,-0.06822736449697331,4.701432810095767,WIN,WIN,0.5019873567747978,0.6317308880605473,0.523724981481928,0.5437728796181451
2023_09_TEN_PIT,2023,9,20.0,16.0,20.628482747328153,19.683583523438394,0.9448992238897596,40.31206627076655,21.106889785831566,20.37518909891104,0.7317006869205274,41.482078884742606,3.5,37.0,-2.5551007761102404,3.3120662707665502,LOSS,LOSS,0.5739969275074194,0.5936778591784605,0.5357404823891564,0.5394356488196113
2023_09_WAS_NE,2023,9,17.0,20.0,23.922349135234775,20.23133373998055,3.691015395254226,44.153682875215324,24.2355028861767,20.101095995418664,4.134406890758038,44.336598881595364,2.5,40.5,1.191015395254226,3.653682875215324,LOSS,LOSS,0.5346488891400355,0.6031321404857517,0.529154049700637,0.5405026639499413
2023_10_ATL_ARI,2023,10,25.0,23.0,22.37900700213514,21.97277916971908,0.40622783241606086,44.351786171854215,22.27401704796227,22.20978283777372,0.06423421018855302,44.48379988573599,-2.0,43.5,2.406227832416061,0.851786171854215,WIN,WIN,0.5697310438684365,0.5243024832917793,0.5350222193964758,0.531741052099598
2023_10_CAR_CHI,2023,10,16.0,13.0,20.44450376749955,19.498708606092443,0.9457951614071085,39.94321237359199,20.970406093297946,20.23759525226947,0.7328108410284722,41.20800134556742,3.0,38.0,-2.0542048385928915,1.9432123735919902,PUSH,LOSS,0.5596124420355046,0.555298241567168,0.5333232516260248,0.5351566015015744
2023_10_CLE_BAL,2023,10,31.0,33.0,24.764469688682674,20.74066322658243,4.023806462100243,45.50513291526511,24.943781875746765,20.39701434287649,4.546767532870274,45.340796218623254,6.0,38.5,-1.976193537899757,7.005132915265108,WIN,WIN,0.5573645534066519,0.691919001844943,0.5329466398198581,0.5509494972550879
2023_10_DEN_BUF,2023,10,22.0,24.0,26.947111936701965,20.115451298287198,6.831660638414768,47.06256323498916,27.26201036097484,19.236037204961086,8.025973156013753,46.49804756593593,7.5,47.5,-0.6683393615852324,-0.43743676501083684,WIN,WIN,0.5194600406776991,0.5124862865194043,0.526627510031116,0.5304435749643578
2023_10_DET_LAC,2023,10,38.0,41.0,23.963548457564773,24.321647060028255,-0.3580986024634818,48.285195517593024,23.261842865732167,24.14468377524963,-0.8828409095174624,47.406526640981795,-2.5,48.5,2.141901397536518,-0.2148044824069757,LOSS,LOSS,0.562137115134056,0.5061321839757503,0.5337465751750532,0.5297462620277598
2023_10_GB_PIT,2023,10,23.0,19.0,21.51220346792023,18.68883068632096,2.8233727815992715,40.201034154241185,22.22944460362222,19.170131671008924,3.059312932613297,41.399576274631144,3.0,38.5,-0.17662721840072848,1.701034154241185,LOSS,WIN,0.5051447542151275,0.5484429389902366,0.5242493974186172,0.5343989932952493
2023_10_HOU_CIN,2023,10,27.0,30.0,24.693354278273038,25.07497801638424,-0.38162373811120176,49.76833229465728,23.79829159478606,24.710282445536652,-0.91199085075059,48.50857404032271,5.5,46.0,-5.881623738111202,3.7683322946572773,WIN,WIN,0.6661998129603206,0.6062918373299182,0.5517457563952707,0.5408606805273697
2023_10_IND_NE,2023,10,6.0,10.0,24.080863063501614,19.83235738717956,4.248505676322054,43.91322045068117,24.491557331417894,19.66636552130735,4.825191810110544,44.15792285272524,-1.0,42.0,5.248505676322054,1.9132204506811732,LOSS,LOSS,0.6492205233165926,0.5544501189151978,0.5487067849490315,0.5350627862405618
2023_10_NO_MIN,2023,10,27.0,19.0,22.446678371829776,22.473669265564897,-0.02699089373512109,44.92034763739467,22.216852186714775,22.689418299274678,-0.47256611255990677,44.90627048598945,-3.0,41.0,2.973009106264879,3.92034763739467,WIN,WIN,0.5859241566531656,0.610470525035704,0.5377559510447041,0.5413353148507115
2023_10_NYG_DAL,2023,10,49.0,17.0,26.706897747174665,18.253993875636986,8.452903871537679,44.96089162281165,27.485624333332172,17.45077243256529,10.034851900766881,44.93639676589746,17.5,38.5,-9.047096128462321,6.460891622811651,LOSS,WIN,0.7455556179807881,0.6780850038852244,0.5668777557079258,0.5492558455892954
2023_10_NYJ_LV,2023,10,16.0,12.0,24.154096654609955,18.353760496859188,5.800336157750767,42.50785715146914,24.9308632739694,18.1828018993721,6.7480613745973015,43.1136651733415,-1.0,35.5,6.800336157750767,7.007857151469139,WIN,LOSS,0.6902372619690474,0.691987589131682,0.5561486599115191,0.5509579720042499
2023_10_SF_JAX,2023,10,3.0,34.0,23.280411918915608,26.401559637990147,-3.121147719074539,49.68197155690575,22.06893742752644,26.375466114217833,-4.3065286866913945,48.44440354174427,-3.0,44.5,-0.12114771907453914,5.181971556905751,WIN,LOSS,0.5035288127888154,0.644617616175316,0.5239810057531221,0.5452714831554528
2023_10_TEN_TB,2023,10,20.0,6.0,23.12018310319801,19.95527436207383,3.1649087411241794,43.07545746527184,23.5089654695708,20.026456118529378,3.4825093510414233,43.53542158810018,2.5,39.5,0.6649087411241794,3.575457465271839,WIN,LOSS,0.5193602299381955,0.600972369991496,0.5266109222645629,0.5402583648741593
2023_10_WAS_SEA,2023,10,29.0,26.0,23.245028943881714,19.554011534551698,3.6910174093300157,42.79904047843341,23.732219422329564,19.59781003593487,4.1344093863946965,43.330029458264434,6.0,44.0,-2.3089825906699843,-1.2009595215665883,WIN,LOSS,0.5669400940948571,0.5342438786351776,0.5345529644556744,0.5328341071130148
2023_11_ARI_HOU,2023,11,21.0,16.0,28.254952212011847,21.182634144649413,7.072318067362435,49.43758635666126,28.29349195385724,19.96932073360321,8.324171220254033,48.26281268746045,5.5,48.0,1.5723180673624348,1.4375863566612566,LOSS,LOSS,0.5456989602881082,0.5409691892025745,0.530996276594042,0.5335746671391876
2023_11_CHI_DET,2023,11,31.0,26.0,26.343096662058283,20.228789758425606,6.114306903632677,46.57188642048389,26.6352755467756,19.498173746293826,7.137101800481773,46.133449293069425,8.0,48.0,-1.8856930963673229,-1.4281135795161077,WIN,LOSS,0.5547544803291323,0.5407001700431653,0.5325096877034504,0.5335450234493055
2023_11_CIN_BAL,2023,11,34.0,20.0,25.535434968394657,21.101657813282674,4.433777155111983,46.63709278167733,25.618331133140405,20.563569861676957,5.054761271463449,46.18190099481736,4.0,46.5,0.4337771551119829,0.13709278167733174,WIN,WIN,0.5126331924863273,0.5039137813659833,0.5254932193197427,0.5295028315045798
2023_11_DAL_CAR,2023,11,10.0,33.0,20.980709170703726,23.792069527693776,-2.8113603569900505,44.7727786983975,20.43697362173081,24.359645503736633,-3.92267188200582,44.796619125467444,-11.0,43.0,8.18863964300995,1.7727786983975022,LOSS,PUSH,0.7250430783893415,0.5504754015935149,0.56278514971089,0.534623449072763
2023_11_LAC_GB,2023,11,23.0,20.0,22.554293345013804,23.071925353076516,-0.5176320080627121,45.62621869809032,22.175125419689714,23.255643803529793,-1.0805183838400811,45.43076922321951,-3.0,44.0,2.482367991937288,1.6262186980903195,WIN,LOSS,0.5719138535646785,0.5463221274669934,0.5353895889625087,0.5341649152054687
2023_11_LV_MIA,2023,11,20.0,13.0,24.80670581029135,20.311189098489702,4.495516711801649,45.117894908781054,25.092160474055714,19.960897860529332,5.131262613526381,45.053058334585046,14.0,44.5,-9.504483288198351,0.6178949087810537,WIN,LOSS,0.7561478798592981,0.5176344554680753,0.5690546199757158,0.5310087059929848
2023_11_MIN_DEN,2023,11,21.0,20.0,23.876362857063725,21.158925950010016,2.7174369070537097,45.03528880707374,23.959862880071253,21.031814844873434,2.9280480351978215,44.99167772494469,2.5,43.5,0.21743690705370966,1.5352888070737407,LOSS,LOSS,0.5063333583036367,0.5437427425217125,0.5244468124077792,0.5338803989954518
2023_11_NYG_WAS,2023,11,19.0,31.0,22.672208592844235,19.345382534040425,3.3268260588038103,42.01759112688466,23.216256431983027,19.533115706667495,3.683140725315533,42.74937213865052,7.5,39.0,-4.17317394119619,3.0175911268846605,WIN,WIN,0.619703478697519,0.5854839372207621,0.5435369680066028,0.5385155861664999
2023_11_NYJ_BUF,2023,11,32.0,6.0,27.29035147173559,16.511658658846798,10.778692812888792,43.80201013058239,28.496009716536186,15.579278111597908,12.916731604938276,44.075287828134094,8.0,39.5,2.778692812888792,4.302010130582389,WIN,LOSS,0.5803874626699057,0.6209047689488361,0.5368189610015187,0.5425266392656709
2023_11_PHI_KC,2023,11,17.0,21.0,28.98658199803687,24.69093499197482,4.2956470060620475,53.67751699001169,28.148452574619323,23.264848051734244,4.883604522885082,51.41330062635357,2.5,46.0,1.7956470060620475,7.677516990011689,LOSS,LOSS,0.5521551529360693,0.7086392887177295,0.5320748797764955,0.5530402883798043
2023_11_PIT_CLE,2023,11,13.0,10.0,23.248450088531293,18.19737174444039,5.051078344090904,41.44582183297168,24.07208785224863,18.252430103615694,5.819657748632938,42.32451795586432,2.5,34.0,2.5510783440909037,7.445821832971681,WIN,LOSS,0.5738817780308919,0.702925575515708,0.5357210774127721,0.5523200358633386
2023_11_SEA_LA,2023,11,17.0,16.0,24.650097222573475,22.386471710127257,2.263625512446218,47.03656893270073,24.422231919144732,22.056500534606233,2.3657313845385004,46.478732453750965,2.5,45.0,-0.23637448755378188,2.0365689327007317,WIN,LOSS,0.5068849070418461,0.5579365755001017,0.5245384194896467,0.5354486065035978
2023_11_TB_SF,2023,11,27.0,14.0,28.31905952857928,20.669106176542453,7.649953352036828,48.98816570512173,28.484393823161277,19.444476056124998,9.039917767036282,47.928869879286275,13.5,41.5,-5.850046647963172,7.48816570512173,WIN,LOSS,0.6653606253156857,0.7039736150948375,0.5515942757371819,0.5524516834159526
2023_11_TEN_JAX,2023,11,34.0,14.0,23.208070765280937,19.1073178343943,4.100752930886635,42.31538859967524,23.80638140044107,19.16426967585994,4.6421117245811265,42.97065107630101,6.5,40.0,-2.3992470691133647,2.315388599675238,LOSS,WIN,0.5695308094450148,0.565800512674129,0.5349885359203194,0.5363205662193735
2023_12_BAL_LAC,2023,12,10.0,20.0,24.233842105874665,23.87545348027263,0.35838862560203566,48.1092955861473,23.640390323035916,23.635433563492093,0.004956759543824074,47.27582388652801,-3.0,49.0,3.3583886256020357,-0.8907044138527027,LOSS,WIN,0.5968534650499687,0.5254113974168145,0.5396134497934822,0.5318628973508218
2023_12_BUF_PHI,2023,12,37.0,34.0,24.783608747210238,24.724288141724973,0.05932060548526508,49.50789688893521,23.97471965963156,24.34033739290502,-0.36561773327346275,48.31505705253658,2.5,49.0,-2.440679394514735,0.5078968889352069,LOSS,WIN,0.5707189800710889,0.5144966909923699,0.5351884498815245,0.5306642405025734
2023_12_CAR_TEN,2023,12,17.0,10.0,20.35042435266843,19.167853043525433,1.1825713091429968,39.51827739619387,20.959226139728617,19.933026521042816,1.0261996186858044,40.89225266077143,3.5,36.0,-2.317428690857003,3.5182773961938665,LOSS,LOSS,0.5671826326806177,0.5993916904279157,0.534593723378207,0.5400797784521483
2023_12_CHI_MIN,2023,12,10.0,12.0,22.198399719857502,19.49786376149641,2.7005359583610904,41.69626348135391,22.708857586670803,19.801751477953296,2.9071061087175076,42.5106090646241,3.0,43.5,-0.2994640416389096,-1.8037365186460903,WIN,WIN,0.5087222617997456,0.5513520049723721,0.5248435917193192,0.5347202975703463
2023_12_CLE_DEN,2023,12,29.0,12.0,23.879918990436256,21.4745406106366,2.4053783797996573,45.354459601072854,23.885107590816027,21.343730555818524,2.541377034997505,45.22883814663455,1.5,37.5,0.9053783797996573,7.854459601072854,WIN,WIN,0.5263531748254692,0.712967942823886,0.527773498856609,0.5535901862351494
2023_12_GB_DET,2023,12,22.0,29.0,27.538156571720958,22.013107883415984,5.525048688304974,49.551264455136945,27.377117353153796,20.970164045975398,6.406953307178399,48.347281399129194,8.5,47.0,-2.974951311695026,2.5512644551369448,WIN,WIN,0.585979412141219,0.5724331015613653,0.5377653149931629,0.5370580535187717
2023_12_JAX_HOU,2023,12,21.0,24.0,27.293585445299776,21.943087871215443,5.350497574084333,49.23667331651522,27.152095661622898,20.96142823682587,6.190667424797025,48.11352389844877,-1.0,48.0,6.350497574084333,1.2366733165152226,LOSS,LOSS,0.6785608604596027,0.5352595960625457,0.5539938790822629,0.5329458882716839
2023_12_KC_LV,2023,12,17.0,31.0,21.46529726266326,28.003051403135782,-6.537754140472522,49.46834866579904,19.87281643258756,28.412854242960893,-8.540037810373336,48.28567067554845,-9.0,42.5,2.462245859527478,6.968348665799041,LOSS,WIN,0.5713371970791901,0.6909922401845928,0.5352925051620387,0.5508350632820507
2023_12_LA_ARI,2023,12,14.0,37.0,23.680577196501066,24.06241494697975,-0.3818377504786845,47.74299214348082,23.04569271704743,23.95794875002815,-0.9122560329807248,47.00364146707558,-3.0,45.0,2.6181622495213155,2.7429921434808193,LOSS,WIN,0.5758013466588413,0.5778093367110358,0.5360446887350224,0.5376573882795228
2023_12_MIA_NYJ,2023,12,13.0,34.0,20.243261327528074,22.93614914533769,-2.6928878178096163,43.17941047286577,19.918395610712377,23.694268443115956,-3.77587283240358,43.61266405382833,-9.5,40.0,6.807112182190384,3.1794104728657686,LOSS,WIN,0.6904117261329745,0.589991490909344,0.5561811019476242,0.53902120989363
2023_12_NE_NYG,2023,12,10.0,7.0,21.42469594874688,22.28538142957183,-0.8606854808249516,43.710077378318715,21.250690942462604,22.75628609187742,-1.5055951494148132,44.006977034340025,-4.5,36.5,3.6393145191750484,7.210077378318715,WIN,LOSS,0.6047735884957213,0.6970599737410389,0.5409668002518998,0.5515869702362826
2023_12_NO_ATL,2023,12,24.0,15.0,23.369895680345216,22.306298580423018,1.0635970999221982,45.676194260768234,23.173341302074864,22.294562351179355,0.8787789508955111,45.46790365325422,-2.0,42.0,3.063597099922198,3.6761942607682343,WIN,LOSS,0.5884995447285797,0.6037530877785073,0.5381926741689911,0.5405729637279097
2023_12_PIT_CIN,2023,12,10.0,16.0,23.60873982526487,18.639862697510615,4.968877127754254,42.248602522775485,24.31941398769103,18.60161157631891,5.717802411372123,42.92102556400994,-2.0,36.0,6.968877127754254,6.248602522775485,LOSS,LOSS,0.6945639246883673,0.6726197934972673,0.5569554522033665,0.5485949007646507
2023_12_SF_SEA,2023,12,13.0,31.0,21.932892893690237,26.948751027645415,-5.015858133955177,48.88164392133565,20.597729347640644,27.251989332235027,-6.654259984594385,47.84971867987567,-7.0,43.5,1.9841418660448227,5.381643921335652,LOSS,WIN,0.5575936695315804,0.6499250086119408,0.5329850133475265,0.5458939399621988
2023_12_TB_IND,2023,12,27.0,20.0,21.404422817548827,21.074425389094014,0.3299974284548135,42.47884820664284,21.530943659223702,21.561166366475426,-0.03022270725172138,43.09211002569913,2.5,45.0,-2.1700025715451865,-2.5211517933571628,LOSS,LOSS,0.5629455826706704,0.5715874623562857,0.5338822132183673,0.5369639125042578
2023_12_WAS_DAL,2023,12,45.0,10.0,26.078319793607417,19.822457793119554,6.255862000487863,45.900777586726974,26.473641541940452,19.16113914796717,7.312502393973283,45.63478068990762,13.0,48.0,-6.744137999512137,-2.0992224132730257,LOSS,LOSS,0.6887886636467567,0.5597057822184337,0.5558795777141279,0.5356445633690136
2023_13_ARI_PIT,2023,13,10.0,24.0,23.84401378424104,20.16701743197913,3.6769963522619094,44.01103121622017,24.173818620814522,20.056782693841356,4.117035926973167,44.23060131465588,6.0,41.0,-2.3230036477380906,3.011031216220168,WIN,LOSS,0.5673427095290843,0.5853009659184385,0.5346206265753258,0.5384950872695508
2023_13_ATL_NYJ,2023,13,8.0,13.0,20.20242283334495,21.166543032197488,-0.9641201988525374,41.368965865542435,20.316824562039457,21.950585431606513,-1.6337608695670573,42.26740999364597,-2.0,33.0,1.0358798011474626,8.368965865542435,LOSS,LOSS,0.530144945067006,0.7253785390236562,0.528404296888566,0.5551884063713041
2023_13_CAR_TB,2023,13,21.0,18.0,22.480856740582446,19.497465670652648,2.983391069929798,41.9783224112351,22.988892337100808,19.731301113092726,3.2575912240080847,42.720193450193534,4.0,37.0,-1.016608930070202,4.978322411235098,WIN,WIN,0.5295851859783783,0.6391754808328112,0.5283111539262274,0.5446364834079603
2023_13_CIN_JAX,2023,13,31.0,34.0,23.004131136536056,22.624892667333466,0.3792384692025905,45.62902380386952,22.731822657300214,22.701030904718422,0.030791752581791176,45.432853562018636,10.0,41.0,-9.62076153079741,4.629023803869522,WIN,WIN,0.7588022299244069,0.6297757441656491,0.5696076067455176,0.5435469961848467
2023_13_CLE_LA,2023,13,36.0,19.0,25.031090175995267,22.66183699336821,2.369253182627059,47.69292716936347,24.73152749317535,22.234913106537682,2.4966143866376664,46.96644059971303,3.5,39.5,-1.1307468173729411,8.192927169363472,LOSS,WIN,0.5328996485227504,0.7211621607173664,0.5288627939067558,0.5546417009480421
2023_13_DEN_HOU,2023,13,22.0,17.0,26.97867890554864,22.93426116461485,4.044417740933792,49.912940070163486,26.59416601197204,22.021859091115463,4.572306920856578,48.6160251030875,3.5,47.5,0.5444177409337918,2.4129400701634864,WIN,LOSS,0.5158539305204976,0.5685459183497722,0.5260282861082863,0.5366255892099773
2023_13_DET_NO,2023,13,28.0,33.0,25.27547723206662,25.282933028581365,-0.007455796514744151,50.55841026064799,24.32364132419975,24.77200154292403,-0.4483602187242802,49.09564286712378,-4.0,47.5,3.992544203485256,3.058410260647989,LOSS,WIN,0.6146706989554305,0.5866220603725487,0.5426676119830284,0.5386431379034391
2023_13_IND_TEN,2023,13,28.0,31.0,21.345869204662336,19.613399348611836,1.7324698560504999,40.95926855327417,21.83528066029593,20.12770302251719,1.7075776377787388,41.96298368281312,-1.5,42.0,3.2324698560505,-1.0407314467258288,LOSS,LOSS,0.5932902969980487,0.5296842637053887,0.5390066497792079,0.532332566374741
2023_13_KC_GB,2023,13,27.0,19.0,22.68786918715696,28.735742515325,-6.047873328168041,51.42361170248196,20.902752348819767,28.83577997639331,-7.9330276275735425,49.73853232521308,-5.5,43.5,-0.5478733281680412,7.9236117024819634,LOSS,WIN,0.5159545068092326,0.714651335547142,0.526044996650427,0.5538050598580665
2023_13_LAC_NE,2023,13,0.0,6.0,24.182494866208827,22.479465846870887,1.70302901933794,46.661960713079715,23.935738360075263,22.264640795052593,1.6710975650226696,46.200379155127855,-4.5,38.5,6.20302901933794,8.161960713079715,LOSS,LOSS,0.6746935546157906,0.7204172245702667,0.5532870410583833,0.5545455178670567
2023_13_MIA_WAS,2023,13,15.0,45.0,21.78452841935978,22.577601092049065,-0.7930726726892843,44.362129511408845,21.534834623695172,22.956650898748745,-1.4218162750535743,44.49148552244392,-8.5,50.0,7.706927327310716,-5.637870488591155,LOSS,LOSS,0.7131862862664098,0.6566928463522205,0.5604848476157575,0.5466924879415537
2023_13_SEA_DAL,2023,13,41.0,35.0,26.168569670622848,20.867276669714943,5.301293000907904,47.03584634033779,26.30394684103376,20.174248689186836,6.129698151846922,46.478195530220596,9.5,47.5,-4.198706999092096,-0.4641536596622089,WIN,LOSS,0.6204132813060579,0.5132486268053705,0.5436598352373441,0.5305272477803846
2023_13_SF_PHI,2023,13,19.0,42.0,25.92021610198674,26.1655214765939,-0.24530537460715962,52.085737578580634,24.74372352218953,25.486802603646066,-0.7430790814565378,50.230526125835596,-3.0,46.5,2.7546946253928404,5.585737578580634,LOSS,WIN,0.579702548438086,0.6553198144702996,0.5367032239507306,0.5465300314238164
2023_14_BUF_KC,2023,14,17.0,20.0,27.642362658232422,24.81033811917335,2.8320245390590735,52.45270077740577,26.786616041780142,23.71658273648577,3.0700333052943765,50.50319877826591,2.0,49.5,0.8320245390590735,2.9527007774057665,LOSS,LOSS,0.524220779214929,0.5836731835479779,0.5274188930884619,0.538312806256864
2023_14_CAR_NO,2023,14,28.0,6.0,23.849041678451123,19.656555746791003,4.192485931660119,43.50559742524213,24.30540785914917,19.549629985231952,4.755777873917216,43.85503784438112,5.5,39.0,-1.3075140683398807,4.505597425242129,LOSS,LOSS,0.5380282303216399,0.626435343252649,0.5297169883456898,0.5431619203250961
2023_14_DEN_LAC,2023,14,7.0,24.0,24.282857953316274,22.67757474399744,1.6052832093188343,46.96043269731371,23.9860701236689,22.43608916602773,1.549980957641171,46.42215928969663,3.0,45.0,-1.3947167906811657,1.9604326973137134,WIN,LOSS,0.540555985893872,0.555785090099385,0.5301383152748405,0.535210465852497
2023_14_DET_CHI,2023,14,28.0,13.0,22.522996408075734,24.84971306709342,-2.326716659017684,47.37270947516915,21.70317564075482,25.025326636230943,-3.3221509954761244,46.728502276985765,-3.0,44.5,0.6732833409823158,2.8727094751691524,WIN,LOSS,0.5196038790526215,0.5814385982427082,0.5266514151008481,0.5380628189954694
2023_14_GB_NYG,2023,14,24.0,22.0,22.32311202202941,22.221257716034682,0.10185430599472767,44.54436973806409,22.156992560603666,22.469906883837556,-0.31291432323389295,44.62689944444122,-6.0,37.5,6.101854305994728,7.044369738064091,WIN,WIN,0.6720293305358904,0.6929062077320463,0.5528019712732452,0.5510715551170036
2023_14_HOU_NYJ,2023,14,30.0,6.0,19.629779198630963,25.07577865845634,-5.4459994598253765,44.7055578570873,18.77971172647494,25.966958834239055,-7.187247107764115,44.746670560713994,-3.5,33.5,-1.9459994598253765,11.2055578570873,LOSS,WIN,0.5564940137221144,0.7886904001957704,0.5328008630627816,0.5639784138533596
2023_14_IND_CIN,2023,14,34.0,14.0,24.582804839020053,20.351004121183095,4.231800717836958,44.93380896020315,24.86038284014987,20.055890105506275,4.804492734643594,44.91627294565615,3.0,45.0,1.2318007178369577,-0.06619103979684837,WIN,LOSS,0.5358322683631045,0.5018896723943405,0.5293511388618451,0.5292807208087773
2023_14_JAX_CLE,2023,14,31.0,27.0,23.39018756145454,20.832581879806515,2.557605681648024,44.22276944126105,23.558967654723425,20.828966121682377,2.7300015330410496,44.3879337764058,2.5,37.5,0.05760568164802393,6.72276944126105,WIN,WIN,0.50167796570319,0.6847740320354699,0.5236735931574061,0.5500709411943884
2023_14_LA_BAL,2023,14,37.0,31.0,23.911472083862183,22.55910814965395,1.3523639342082312,46.47058023351613,23.64738141011297,22.410792141965153,1.2365892681478154,46.058173552078124,7.5,42.0,-6.147636065791769,4.470580233516131,WIN,WIN,0.6732359921916262,0.6254858960368457,0.5530214788269042,0.5430526613693339
2023_14_MIN_LV,2023,14,0.0,3.0,22.55648635288625,21.264300898246482,1.2921854546397675,43.82078725113273,22.62563122691624,21.463608973776893,1.1620222531393511,44.08924020069313,-3.0,40.5,4.2921854546397675,3.320787251132728,PUSH,LOSS,0.6230084451359174,0.5939199194393531,0.5441096160148606,0.5394628927188693
2023_14_NE_PIT,2023,14,18.0,21.0,21.719970164868656,20.121831366441075,1.5981387984275806,41.84180153130973,22.07993985203556,20.538811517424666,1.5411283346108953,42.61875136946023,6.0,30.0,-4.4018612015724194,11.841801531309727,WIN,WIN,0.6260462032345584,0.8016183508147161,0.5446372398856114,0.5659446934613044
2023_14_PHI_DAL,2023,14,33.0,13.0,26.880131232872717,25.031163278288258,1.8489679545844595,51.911294511160975,25.97641802965223,24.12448786711493,1.8519301625373012,50.10090589676716,3.5,52.5,-1.6510320454155405,-0.5887054888390253,LOSS,WIN,0.5479759619895389,0.5168019068920033,0.5313764720363474,0.5309173004153804
2023_14_SEA_SF,2023,14,28.0,16.0,29.005492006462212,20.182493796062108,8.822998210400105,49.187985802524324,29.28539074816008,18.791955807103758,10.493434941056323,48.07734655526384,14.5,44.5,-5.677001789599895,4.687985802524324,WIN,LOSS,0.6607472292152866,0.631368056251145,0.5507639809379792,0.5437309323794824
2023_14_TB_ATL,2023,14,25.0,29.0,22.189023407774894,20.911931535973398,1.2770918718014954,43.10095494374829,22.34884368199436,21.205523852480596,1.1433198295137676,43.554367534474956,1.5,41.5,-0.22290812819850458,1.6009549437482917,WIN,WIN,0.5064927065135549,0.545605668290729,0.5244732786086121,0.5340858680900838
2023_14_TEN_MIA,2023,14,27.0,28.0,24.33036124876841,18.91126317898485,5.4190980697835585,43.24162442775326,24.96728119166337,18.691611051126866,6.275670140536505,43.65889224279024,14.0,45.0,-8.580901930216442,-1.7583755722467416,WIN,LOSS,0.7345163368992651,0.5500674776187977,0.564656316515393,0.5345783894181036
2023_15_ATL_CAR,2023,15,9.0,7.0,20.427749293194314,20.827795065066702,-0.40004577187238866,41.25554435826102,20.624157196145784,21.558974746371124,-0.9348175502253426,42.18313194251691,-3.0,32.0,2.5999542281276113,9.25554435826102,WIN,LOSS,0.575280510031677,0.7461232561875815,0.5359568566198767,0.5579397063507406
2023_15_BAL_JAX,2023,15,7.0,23.0,23.32874886887773,22.107353895125122,1.2213949737526093,45.436102764002854,23.181904587365022,22.1075986555522,1.0743059318128256,45.28950324291722,-4.0,42.5,5.221394973752609,2.936102764002854,LOSS,LOSS,0.6484864573969483,0.5832097319560965,0.54857657057287,0.5382609360482881
2023_15_CHI_CLE,2023,15,20.0,17.0,22.935239615612485,19.429235263837796,3.5060043517746884,42.364474879450285,23.45614242865105,19.55098229445447,3.9051601341965796,43.00712472310552,3.0,38.0,0.5060043517746884,4.364474879450285,PUSH,LOSS,0.5147358265388152,0.6226043553491459,0.5258425225741313,0.5427215713020835
2023_15_DAL_BUF,2023,15,31.0,10.0,27.27158308391801,23.13299474097552,4.138588342942491,50.40457782489353,26.835165450267773,22.14617195401592,4.6889934962518565,48.98133740428369,2.0,49.5,2.138588342942491,0.9045778248935292,WIN,LOSS,0.5620417817727932,0.5258066513091884,0.5337305834768621,0.531906331315024
2023_15_DEN_DET,2023,15,42.0,17.0,27.03954235010208,23.046061404902265,3.993480945199817,50.08560375500434,26.626757206864035,22.11756595192682,4.509191254937215,48.744323158790856,5.5,49.0,-1.506519054800183,1.0856037550043425,LOSS,WIN,0.5437944004331234,0.5309616146146597,0.5306784339400759,0.5324730308538668
2023_15_HOU_TEN,2023,15,16.0,19.0,22.111924045463468,24.87378338157116,-2.761859336107694,46.985707427034626,21.289802220413694,25.151137501801852,-3.8613352813881585,46.440939722215546,3.0,38.0,-5.761859336107694,8.985707427034626,WIN,LOSS,0.6630126060741689,0.7398976409336362,0.5511711756254455,0.5571026956563664
2023_15_KC_NE,2023,15,17.0,27.0,23.15947036563642,28.13842218833764,-4.9789518227012195,51.29789255397406,21.518293515244693,28.126822974825565,-6.60852945958087,49.64511649007026,-10.0,39.5,5.0210481772987805,11.797892553974059,PUSH,WIN,0.643044728778676,0.8007417871987308,0.5476140874835369,0.5658090608702542
2023_15_LAC_LV,2023,15,63.0,21.0,23.298871494526736,22.964878164225507,0.33399333030122946,46.263749658752246,22.939608167010686,22.964879561515875,-0.025271394505192724,45.90448772852656,3.0,36.0,-2.6660066696987705,10.263749658752246,LOSS,WIN,0.5771692931608752,0.7686744274276723,0.5362754706649103,0.5610641229395985
2023_15_MIN_CIN,2023,15,27.0,24.0,22.91472165352523,24.86303265593122,-1.9483110024059904,47.777754309456455,22.088101067640334,24.94137048820477,-2.8532694205644393,47.029471555845106,3.0,41.5,-4.94831100240599,6.277754309456455,PUSH,WIN,0.6410617813816363,0.6733725117540525,0.5472645633804273,0.5486856726876715
2023_15_NYG_NO,2023,15,24.0,6.0,24.469864060039313,20.51133879069234,3.958525269346975,44.98120285073165,24.70868340869373,20.242805650950885,4.465877757742849,44.951489059644615,6.0,39.5,-2.041474730653025,5.481202850731648,LOSS,LOSS,0.5592457542946715,0.6525605110805518,0.5332617976122811,0.5462042505925427
2023_15_NYJ_MIA,2023,15,30.0,0.0,24.094663661367502,17.669140364346603,6.425523297020899,41.76380402571411,25.04176224992372,17.519032935369275,7.522729314554443,42.560795185292996,7.5,36.0,-1.0744767029791014,5.7638040257141085,LOSS,LOSS,0.531265885226662,0.660001025469446,0.5285908434656973,0.5470848808015334
2023_15_PHI_SEA,2023,15,20.0,17.0,23.583534347340205,25.24271428969939,-1.6591799423591844,48.8262486370396,22.656774662057785,25.15178245407118,-2.4950077920133986,47.808557116128966,-5.0,46.0,3.3408200576408156,2.8262486370395976,WIN,LOSS,0.5963567962641573,0.5801394858735044,0.5395287942252609,0.5379176116923117
2023_15_PIT_IND,2023,15,30.0,13.0,20.06197636663065,20.723541043858784,-0.6615646772281352,40.78551741048943,20.287506283938555,21.546371305627076,-1.2588650216885187,41.83387758956563,1.5,41.5,-2.161564677228135,-0.7144825895105669,LOSS,LOSS,0.5627028528789906,0.5203887874968557,0.5338414859266614,0.5313111518390021
2023_15_SF_ARI,2023,15,29.0,45.0,23.20967731134389,29.390205207566662,-6.180527896222774,52.59988251891055,21.257581417308735,29.354981013699216,-8.097399596390485,50.61256243100795,-12.5,48.0,6.319472103777226,4.5998825189105474,LOSS,WIN,0.6777488174556299,0.6289879383977246,0.5538451875724183,0.5434560834621038
2023_15_TB_GB,2023,15,20.0,34.0,23.362418189469576,21.99599301833935,1.3664251711302242,45.35841120780893,23.242893454663136,21.98888094032966,1.2540125143334715,45.2317743949928,4.0,41.5,-2.633574828869776,3.8584112078089277,WIN,WIN,0.57624211685843,0.6087694911354196,0.5361190344093998,0.5411419410379202
2023_15_WAS_LA,2023,15,28.0,20.0,25.204470404413414,20.776943546564134,4.42752685784928,45.98141395097755,25.370857112609833,20.323840570045114,5.047016542564721,45.69469768265495,6.5,48.5,-2.07247314215072,-2.5185860490224528,LOSS,WIN,0.5601385667988614,0.5715153945522871,0.5334114392584203,0.5369558911128596
2023_16_ARI_CHI,2023,16,27.0,16.0,24.021957982113364,21.27782720549925,2.7441307766141136,45.29978518761261,24.07466828726808,21.11354393996636,2.9611243473017206,45.18821222723444,4.5,42.0,-1.7558692233858864,3.2997851876126134,LOSS,WIN,0.551006181939983,0.5933369237094315,0.531882788197178,0.5393972829407413
2023_16_BAL_SF,2023,16,19.0,33.0,28.92330772623026,21.94674650170861,6.9765612245216495,50.870054227938866,28.766364802227255,20.560845664718993,8.205519137508263,49.32721046694625,6.5,47.5,0.4765612245216495,3.3700542279388657,LOSS,WIN,0.5138787423429888,0.5952867009837886,0.525700133536607,0.5396167958162835
2023_16_BUF_LAC,2023,16,22.0,24.0,22.77954245993816,25.484325774445587,-2.704783314507427,48.26386823438375,21.800033425339127,25.59064594021989,-3.7906125148807632,47.390679365559016,-13.0,44.5,10.295216685492573,3.76386823438375,WIN,WIN,0.7738842110584835,0.6061689388083248,0.5728116612323472,0.5408467413605825
2023_16_CIN_PIT,2023,16,34.0,11.0,23.484280630616094,19.937117648376972,3.547162982239122,43.42139827899307,23.874316609151492,19.91815691103144,3.956159698120053,43.79247352018293,-3.0,39.5,6.547162982239122,3.921398278993067,WIN,WIN,0.6836883053612213,0.610499361910811,0.5549361845551365,0.541338594987009
2023_16_CLE_HOU,2023,16,22.0,36.0,24.6246101701034,19.96498884152412,4.659621328579277,44.58959901162752,24.997555700516905,19.662951435457202,5.334604265059703,44.66050713597411,-3.0,40.0,7.659621328579277,4.58959901162752,LOSS,WIN,0.7120089603979907,0.6287098046738879,0.5602588072867012,0.5434240010814831
2023_16_DAL_MIA,2023,16,22.0,20.0,24.05895772093056,23.765605109167822,0.29335261176273875,47.82456283009839,23.494311747374347,23.569940962332062,-0.07562921495771385,47.06425270970641,1.5,48.5,-1.2066473882372613,-0.6754371699016133,LOSS,WIN,0.5351024855585188,0.5192754628544841,0.5292295901192807,0.5311888913337964
2023_16_DET_MIN,2023,16,24.0,30.0,26.594610265573806,25.551282188245718,1.0433280773280877,52.14589245381953,25.56444398192798,24.71078033010317,0.8536636518248117,50.27522431203115,-2.5,47.5,3.5433280773280877,4.645892453819528,LOSS,WIN,0.6020721356929473,0.6302315229956743,0.5405044559425825,0.5435996203664505
2023_16_GB_CAR,2023,16,30.0,33.0,22.13509850418507,22.06990738332663,0.06519112085844014,44.2050058875117,22.008195472605053,22.366539063841728,-0.3583435912366745,44.37473453644678,-3.5,39.5,3.56519112085844,4.705005887511703,WIN,WIN,0.6026878871801282,0.6318272783333159,0.5406097712866438,0.5437840255423663
2023_16_IND_ATL,2023,16,29.0,10.0,22.719635760095994,20.78446945460538,1.9351663054906147,43.50410521470137,22.906333697357315,20.947595357348337,1.9587383400089782,43.85392905470565,3.0,44.0,-1.0648336945093853,-0.4958947852986313,LOSS,WIN,0.5309858536178477,0.5141542654269956,0.5285442376156533,0.530626653410992
2023_16_JAX_TB,2023,16,30.0,12.0,23.754349239780915,21.500853006762423,2.253496233018492,45.255202246543334,23.7541325060011,21.40095228820075,2.35318021780035,45.15508479420185,-2.0,43.0,4.253496233018492,2.255202246543334,WIN,LOSS,0.6219350151211727,0.5641050858871773,0.5439234677060345,0.5361323625429595
2023_16_LV_KC,2023,16,14.0,20.0,30.715042414050934,21.14433828452164,9.570704129529293,51.85938069857258,30.74112343240458,19.321207814311652,11.419915618092928,50.062331246716234,11.0,40.5,-1.4292958704707068,11.35938069857258,WIN,LOSS,0.5415578857313105,0.7918603733226792,0.5303053750053923,0.5644539825935229
2023_16_NE_DEN,2023,16,23.0,26.0,24.096783443393274,21.00139584353929,3.0953875998539857,45.09817928693256,24.217387236241088,20.821021370739246,3.39636586550184,45.03840860698033,7.0,37.5,-3.9046124001460143,7.598179286932563,WIN,WIN,0.6122136415105714,0.7066885611156575,0.5422443090719081,0.5527936824085884
2023_16_NO_LA,2023,16,30.0,22.0,25.854084256988465,24.721699066272315,1.1323851907161497,50.57578332326078,25.036283033619103,24.07226891833562,0.9640141152834825,49.10855195195472,4.0,45.5,-2.8676148092838503,5.075783323260779,LOSS,WIN,0.5829231804849799,0.6417835345461717,0.5372477741103957,0.5449403951609972
2023_16_NYG_PHI,2023,16,33.0,25.0,27.317369662401827,19.67930935677147,7.638060305630358,46.9966790191733,27.73713665191205,18.71195553120261,9.025181120709439,46.44909218311466,14.0,41.0,-6.361939694369642,5.9966790191733,WIN,WIN,0.6788601250028719,0.6660859770094653,0.5540487137230639,0.5478103351289887
2023_16_SEA_TEN,2023,16,17.0,20.0,21.88520332668945,21.291106798333313,0.5940965283561361,43.176310125022766,21.953691106102404,21.656669228790314,0.2970218773120914,43.61036033489272,-3.0,42.0,3.594096528356136,1.1763101250227663,PUSH,LOSS,0.6035015871114197,0.5335427074566417,0.5407490044711151,0.5327569546624816
2023_16_WAS_NYJ,2023,16,30.0,28.0,20.099122136882805,19.514646930261726,0.5844752066210788,39.61376906714453,20.624154017576686,20.339053897799246,0.28510011977743854,40.96320791537593,3.0,36.5,-2.4155247933789212,3.1137690671445313,WIN,WIN,0.5699976876621675,0.5881644161985384,0.5350670784593582,0.5388161151610227
2023_17_ARI_PHI,2023,17,31.0,35.0,28.75763431178553,21.58050500462292,7.177129307162609,50.33813931640845,28.69300636933555,20.238963783980907,8.45404258535464,48.931970153316456,12.0,48.0,-4.822870692837391,2.3381393164084514,WIN,WIN,0.6376331309722465,0.5664410783965903,0.5466616754651641,0.5363917053780556
2023_17_ATL_CHI,2023,17,37.0,17.0,23.12925100445444,19.359220369579923,3.770030634874516,42.48847137403436,23.66578751442016,19.43347302279028,4.232314491629881,43.09926053721044,3.0,39.0,0.7700306348745158,3.4884713740343614,WIN,WIN,0.5224180733711253,0.5985670884455935,0.5271191817269647,0.5399866833500288
2023_17_CAR_JAX,2023,17,26.0,0.0,23.585695708550244,19.28137499898784,4.304320709562404,42.86707070753808,24.137465764450564,19.243113675596252,4.894352088854313,43.380579440046816,3.5,38.0,0.8043207095624041,4.867070707538083,WIN,LOSS,0.5234152452762402,0.6361904616752713,0.5272849605357436,0.5442895272874917
2023_17_CIN_KC,2023,17,25.0,17.0,29.258459010794752,20.494213681414852,8.7642453293799,49.7526726922096,29.458786263503303,19.038151881587726,10.420634381915578,48.49693814509103,7.5,46.0,1.2642453293799,3.7526726922096003,WIN,LOSS,0.5367734174563198,0.605860671660766,0.5295079162125594,0.5408117826514665
2023_17_DET_DAL,2023,17,20.0,19.0,26.7575516426669,25.671276410312885,1.0862752323540157,52.42882805297978,25.696169740327967,24.7892903679274,0.9068793724005677,50.48546010825537,5.5,53.0,-4.413724767645984,-0.5711719470202183,WIN,WIN,0.6263743309971022,0.516301774987276,0.5446943066894091,0.5308623937867865
2023_17_GB_MIN,2023,17,10.0,33.0,26.836475280886006,22.299747416170227,4.536727864715779,49.13622269705623,26.610605573150263,21.428278315254328,5.182327257895935,48.03888388840459,1.0,42.5,3.536727864715779,6.636222697056233,LOSS,WIN,0.6018861970343742,0.682569960505309,0.5404726616860287,0.549801593677897
2023_17_LAC_DEN,2023,17,16.0,9.0,25.05866208518914,22.109454354939743,2.949207730249398,47.168116440128884,24.895856894027467,21.68062216724673,3.215234726780734,46.5764790612742,3.5,39.5,-0.5507922697506018,7.668116440128884,LOSS,LOSS,0.5160394630147709,0.7084084677265072,0.5260591120339926,0.5530110699413742
2023_17_LA_NYG,2023,17,25.0,26.0,22.15515054622794,24.65994300859166,-2.5047924623637208,46.8150935548196,21.385680235695446,24.92848454770546,-3.5428043120100106,46.314164783400905,-6.0,43.5,3.4952075376362792,3.3150935548195974,WIN,WIN,0.6007159732697205,0.5937618887900709,0.5402726442309,0.5394451059277836
2023_17_LV_IND,2023,17,23.0,20.0,22.460020065255573,20.815732585290352,1.6442874799652216,43.275752650545925,22.641281169125055,21.042970109833934,1.598311059291122,43.68425127895899,3.5,42.5,-1.8557125200347784,0.7757526505459253,WIN,WIN,0.5538892977831248,0.5221354922907874,0.5323649251555828,0.531502995405401
2023_17_MIA_BAL,2023,17,56.0,19.0,22.614484137929914,22.388532763991353,0.22595137393856035,45.00301690192127,22.40427604791969,22.56342198095445,-0.15914593303475844,44.96769802887414,3.0,47.0,-2.7740486260614396,-1.9969830980787293,LOSS,LOSS,0.5802549353589271,0.5568181537751369,0.5367965635989198,0.5353247910388074
2023_17_NE_BUF,2023,17,27.0,21.0,26.225471613063103,20.146575104017845,6.078896509045258,46.37204671708095,26.539091455586295,19.44586659323241,7.093224862353887,45.984958048818704,15.0,40.0,-8.921103490954742,6.3720467170809485,WIN,WIN,0.7425960672123835,0.6758023614396199,0.5662776555331884,0.5489792552245419
2023_17_NO_TB,2023,17,13.0,23.0,24.31916218918619,24.004761538115865,0.31440065107032567,48.32392372730206,23.692877533734432,23.742426171811466,-0.04954863807703669,47.4353037055459,2.5,42.5,-2.1855993489296743,5.823923727302059,WIN,LOSS,0.5633941869706817,0.6615760099616493,0.5339574931924753,0.5472721855300914
2023_17_NYJ_CLE,2023,17,37.0,20.0,20.880429816522263,16.62708770058724,4.253342115935023,37.507517517109505,22.11466930784624,17.283484676584447,4.831184631261792,39.398153984430685,6.5,33.5,-2.2466578840649767,4.007517517109505,LOSS,WIN,0.5651496013669854,0.6128609870940629,0.5342521856325803,0.5416074497637894
2023_17_PIT_SEA,2023,17,23.0,30.0,22.012500869348134,20.339097150677677,1.673403718670457,42.35159802002581,22.31597273669693,20.681583813290725,1.6343889234062048,42.99755654998766,4.5,40.5,-2.826596281329543,1.8515980200258113,WIN,WIN,0.5817539095847424,0.5527067591454532,0.5370499751642057,0.5348700224179483
2023_17_SF_WAS,2023,17,10.0,27.0,20.568418140598236,27.840682039932272,-7.272263899334035,48.40910018053051,19.024213531855764,28.474380687563908,-9.450167155708142,47.49859421941967,-14.0,49.0,6.727736100665965,-0.5908998194694917,LOSS,WIN,0.6883653250377059,0.5168644967792765,0.5558010376550754,0.5309241719519266
2023_17_TEN_HOU,2023,17,26.0,3.0,25.159510351641945,21.137397065407526,4.022113286234418,46.29690741704947,25.23689759095301,20.692228068386488,4.54466952256652,45.9291256593395,5.0,44.0,-0.9778867137655816,2.296907417049468,LOSS,LOSS,0.5284602499408588,0.5652800320129807,0.5281239897523349,0.5362627763677722
2023_18_ATL_NO,2023,18,48.0,17.0,25.48204450698147,21.02818283640701,4.453861670574462,46.51022734338848,25.583640677601828,20.503992729428234,5.0796479481735926,46.08763340703006,3.5,41.5,0.9538616705744616,5.010227343388479,WIN,WIN,0.5277621731682501,0.6400299764599878,0.528007860516133,0.5447359760302103
2023_18_BUF_MIA,2023,18,14.0,21.0,23.380558456481527,24.813298401059253,-1.432739944577726,48.19385685754078,22.562115387283914,24.776541901169853,-2.214426513885942,47.33865728845377,-2.5,47.5,1.067260055422274,0.69385685754078,LOSS,LOSS,0.5310563162460293,0.5198006933328644,0.5285559645642849,0.5312465682288103
2023_18_CHI_GB,2023,18,17.0,9.0,23.774454120815886,21.238889097586156,2.5355650232297293,45.01334321840204,23.839031010335223,21.13634000622177,2.7026910041134515,44.97537101655699,2.5,45.5,0.03556502322972932,-0.4866567815979579,WIN,WIN,0.5010359568082953,0.5138906937891277,0.5235669575614099,0.5305977224383792
2023_18_CLE_CIN,2023,18,31.0,14.0,22.367462719608866,20.545509670205526,1.8219530494033407,42.91297238981439,22.616571410998887,20.798115355061455,1.8184560559374336,43.41468676606034,7.5,37.0,-5.678046950596659,5.912972389814392,LOSS,WIN,0.6607751666578454,0.6639036685399788,0.5507689966288537,0.5475495946882359
2023_18_DAL_WAS,2023,18,10.0,38.0,20.867886840031403,24.7881608567864,-3.9202740167549983,45.65604769681781,20.078104738680565,25.37482897467966,-5.296724235999096,45.452933713360224,-13.0,47.5,9.079725983245002,-1.843952303182192,LOSS,LOSS,0.7463191716623377,0.552490382487481,0.5670331390877993,0.5348461047888634
2023_18_DEN_LV,2023,18,27.0,14.0,22.109786332468246,23.065657964875996,-0.9558716324077494,45.17544429734424,21.736140209683676,23.359680299624905,-1.6235400899412267,45.09582050930858,3.5,37.5,-4.455871632407749,7.675444297344242,LOSS,WIN,0.627539305491415,0.7085884031737799,0.544897034445586,0.5530338461452609
2023_18_HOU_IND,2023,18,19.0,23.0,22.603738397962978,23.30897584777971,-0.7052374498167318,45.91271424574269,22.165335196071418,23.478315049381266,-1.3129798533098498,45.64365024545268,-1.5,47.5,0.7947625501832682,-1.5872857542573087,LOSS,WIN,0.5231373038633984,0.5452179593622072,0.5272387512578414,0.5340430981984502
2023_18_JAX_TEN,2023,18,28.0,20.0,21.49296979588241,22.14713583973367,-0.6541660438512622,43.64010563561608,21.352643507644537,22.602340899808155,-1.2496973921636192,43.95498440745269,-3.5,41.5,2.845833956148738,2.140105635616081,WIN,WIN,0.5823023878495122,0.5608596010799237,0.5371427442544408,0.535772425005821
2023_18_KC_LAC,2023,18,12.0,13.0,19.38459840038651,26.665497962626993,-7.280899562240485,46.0500963630135,18.142432342224957,27.603299927890298,-9.460867585665344,45.745732270115255,3.5,35.0,-10.780899562240485,11.050096363013502,WIN,LOSS,0.7844064031255844,0.78545810275725,0.5751151757619065,0.5634976593495372
2023_18_LA_SF,2023,18,20.0,21.0,29.84173494700551,23.24171271842372,6.600022228581789,53.08344766542923,29.355413451975224,21.616462914452555,7.738950537522673,50.97187636642778,5.5,40.0,1.100022228581789,13.083447665429233,LOSS,WIN,0.5320076485659515,0.8254328865774744,0.5287143057323189,0.5697759131744051
2023_18_MIN_DET,2023,18,30.0,20.0,27.100598551500564,24.357774876673968,2.742823674826596,51.45837342817453,26.361933403662984,23.4024286831665,2.9595047204964846,49.764362086829486,3.5,47.5,-0.757176325173404,3.958373428174532,LOSS,WIN,0.5220442273377586,0.6115138272780678,0.5270570347330963,0.5414540302883905
2023_18_NYJ_NE,2023,18,3.0,17.0,23.410036531734246,16.101093140367194,7.308943391367052,39.51112967210144,24.752157322173034,16.13478420959865,8.617373112574382,40.88694153177168,2.5,28.5,4.808943391367052,11.01112967210144,LOSS,LOSS,0.6372517693561843,0.7846434393912366,0.5465947299595778,0.5633771386633686
2023_18_PHI_NYG,2023,18,27.0,10.0,21.799268744252675,26.017914257985566,-4.218645513732891,47.81718300223824,20.696166723494184,26.3626023920983,-5.666435668604113,47.05876911559248,-4.5,43.0,0.2813544862671087,4.817183002238238,WIN,LOSS,0.5081948751109177,0.6348492119023196,0.52475599537599,0.5441339305668823
2023_18_PIT_BAL,2023,18,10.0,17.0,22.445519248076668,20.330623899852178,2.11489534822449,42.77614314792885,22.7472278690387,20.56578768738969,2.1814401816490077,43.31301555642839,-3.0,34.0,5.11489534822449,8.776143147928849,LOSS,LOSS,0.645597467473862,0.735008889746763,0.5480649820747222,0.5564524214482618
2023_18_SEA_ARI,2023,18,20.0,21.0,23.80968949457089,23.155285156650365,0.6544043379205249,46.964974651221254,23.398641670691042,23.026892525871318,0.3717491448197271,46.42553419656236,-2.5,48.0,3.154404337920525,-1.0350253487787455,WIN,WIN,0.5910773444295131,0.5295218097457499,0.538630395443743,0.5323147041205176
2023_18_TB_CAR,2023,18,0.0,9.0,21.49761629397668,21.281302956232068,0.21631333774461226,42.778919250208745,21.571994971354684,21.743083372771494,-0.17108840141680892,43.31507834412618,-5.0,36.5,5.216313337744612,6.2789192502087445,LOSS,LOSS,0.6483488021745043,0.6734025766544082,0.5485521624209276,0.5486892999765273
