game_id,season,week,rsm_margin_error,market_margin_error,existing_margin_error,rsm_total_error,market_total_error,existing_total_error,spread_edge,ats_edge_bucket,total_edge,ou_edge_bucket,confidence_decile,ATS_result,OU_result
2024_01_ARI_BUF,2024,1,-0.577,0.5,9.29111959544818,-10.777999999999999,-16.0,-15.452956353062675,-1.077,1-2,5.222,5+,6,WIN,WIN
2024_01_BAL_KC,2024,1,-0.8490000000000002,-4.0,-10.548680349715184,4.631999999999998,-1.0,-4.009208549596103,3.151,3-5,5.632,5+,7,WIN,WIN
2024_01_CAR_NO,2024,1,-29.9,-33.5,-23.786189173833463,-9.698,-15.5,-19.461573483340445,3.6,3-5,5.802,5+,7,WIN,WIN
2024_01_DAL_CLE,2024,1,16.345,18.5,8.186501091324114,-1.8500000000000014,-8.0,-0.9628771666163658,-2.155,2-3,6.15,5+,8,WIN,WIN
2024_01_DEN_SEA,2024,1,-1.5819999999999999,0.5,-2.1525161752139486,-1.421999999999997,-4.0,-3.761438077439209,-2.082,2-3,2.578,2-3,3,WIN,WIN
2024_01_GB_PHI,2024,1,-2.039,-3.0,-4.337446353657304,-14.545000000000002,-13.5,-14.373978643149613,0.961,0-1,-1.045,1-2,1,WIN,LOSS
2024_01_HOU_IND,2024,1,-0.2999999999999998,-1.0,2.669646814283919,-7.189,-7.0,-9.677223522634762,0.7,0-1,-0.189,0-1,1,WIN,LOSS
2024_01_JAX_MIA,2024,1,0.11900000000000022,0.5,3.2856971239780366,13.747,12.5,10.540940348267284,-0.381,0-1,1.247,1-2,1,WIN,LOSS
2024_01_LA_DET,2024,1,-0.7629999999999999,-1.0,-3.4842720555192788,7.268000000000001,8.0,3.784002210823914,0.237,0-1,-0.732,0-1,1,WIN,WIN
2024_01_LV_LAC,2024,1,-14.107,-9.0,-13.515756858438268,10.389000000000003,9.0,12.829667931124717,-5.107,5+,1.389,1-2,6,LOSS,LOSS
2024_01_MIN_NYG,2024,1,22.73,21.0,21.119664193003203,11.703000000000003,8.5,6.92512082182877,1.73,1-2,3.203,3-5,4,LOSS,LOSS
2024_01_NE_CIN,2024,1,9.1,14.0,13.190574600206176,20.576999999999998,14.5,14.23721810091616,-4.9,3-5,6.077,5+,8,WIN,LOSS
2024_01_NYJ_SF,2024,1,-7.369,-9.5,3.17815323941101,-6.895000000000003,-8.0,-12.341483724198874,2.131,2-3,1.105,1-2,2,WIN,WIN
2024_01_PIT_ATL,2024,1,9.128,12.0,4.20012843226943,18.055,15.0,9.552784909209855,-2.872,2-3,3.055,3-5,3,WIN,LOSS
2024_01_TEN_CHI,2024,1,-4.882,-3.0,-3.442283861817872,1.6409999999999982,2.0,-2.2381702030224915,-1.882,1-2,-0.359,0-1,2,LOSS,WIN
2024_01_WAS_TB,2024,1,-8.792,-13.0,-6.291240175267667,-15.578000000000003,-15.0,-14.576825255306822,4.208,3-5,-0.578,0-1,5,WIN,LOSS
2024_02_ATL_PHI,2024,2,4.7620000000000005,6.5,9.023806734002576,1.0020000000000024,3.5,4.29719919236048,-1.738,1-2,-2.498,2-3,2,WIN,WIN
2024_02_BUF_MIA,2024,2,21.607,23.5,18.1782278440429,2.8560000000000016,7.5,7.713166709195377,-1.893,1-2,-4.644,3-5,6,WIN,WIN
2024_02_CHI_HOU,2024,2,-0.7649999999999997,0.0,-5.096225043611652,7.307000000000002,13.5,9.81201618243604,-0.765,0-1,-6.193,5+,8,PUSH,WIN
2024_02_CIN_KC,2024,2,4.015,5.5,4.71447201548621,-6.375999999999998,-3.5,-6.148923662861648,-1.485,1-2,-2.876,2-3,3,WIN,LOSS
2024_02_CLE_JAX,2024,2,8.178,8.0,6.453504408995981,8.792000000000002,10.5,12.450258262514922,0.178,0-1,-1.708,1-2,1,LOSS,WIN
2024_02_IND_GB,2024,2,-3.236,-9.0,1.3519562557012126,15.707999999999998,15.5,21.52577137903505,5.764,5+,0.208,0-1,7,WIN,LOSS
2024_02_LAC_CAR,2024,2,24.394,18.0,16.00038213750921,7.640999999999998,10.0,11.256385608043786,6.394,5+,-2.359,2-3,8,LOSS,WIN
2024_02_LA_ARI,2024,2,-31.6,-32.0,-35.47779933183678,-6.933,-3.5,-5.159928004079596,0.4,0-1,-3.433,3-5,4,WIN,LOSS
2024_02_LV_BAL,2024,2,6.346,12.0,13.717210564931804,-8.590000000000003,-8.0,-6.929220553437858,-5.654,5+,-0.59,0-1,7,WIN,LOSS
2024_02_NO_DAL,2024,2,24.489,31.5,31.949306364032527,-19.587000000000003,-16.0,-16.294979110883418,-7.011,5+,-3.587,3-5,9,WIN,LOSS
2024_02_NYG_WAS,2024,2,-3.755,-1.5,-4.54010782511421,-2.4949999999999974,3.5,1.1759944506543576,-2.255,2-3,-5.995,5+,8,LOSS,WIN
2024_02_NYJ_TEN,2024,2,10.425,3.5,8.283053387748947,-4.537999999999997,0.5,-5.835234927370152,6.925,5+,-5.038,5+,9,LOSS,WIN
2024_02_PIT_DEN,2024,2,5.339,4.0,4.896332380463957,21.098,17.5,15.604304055057277,1.339,1-2,3.598,3-5,4,LOSS,LOSS
2024_02_SEA_NE,2024,2,2.3449999999999998,-0.5,2.3158261117520507,-2.6540000000000035,-4.0,-3.807188152750591,2.845,2-3,1.346,1-2,3,WIN,WIN
2024_02_SF_MIN,2024,2,-8.639,-10.5,-14.54657631923746,7.8629999999999995,6.5,5.419224774574474,1.861,1-2,1.363,1-2,2,WIN,LOSS
2024_02_TB_DET,2024,2,8.157,11.5,7.342231239351531,8.579999999999998,15.5,11.62909038413028,-3.343,3-5,-6.92,5+,9,WIN,WIN
2024_03_BAL_DAL,2024,3,4.043,1.5,4.514698661591975,-11.122,-5.5,-5.116786643326918,2.543,2-3,-5.622,5+,7,LOSS,LOSS
2024_03_CAR_LV,2024,3,20.631999999999998,19.5,27.48996985499075,-20.240000000000002,-18.0,-19.675573134269186,1.132,1-2,-2.24,2-3,2,LOSS,LOSS
2024_03_CHI_IND,2024,3,-2.905,-3.5,-4.954500530729305,3.4669999999999987,6.0,6.217480959134271,0.595,0-1,-2.533,2-3,2,WIN,WIN
2024_03_DEN_TB,2024,3,21.349,25.0,25.663118753464744,8.100000000000001,7.5,5.176255253939445,-3.651,3-5,0.6,0-1,5,WIN,LOSS
2024_03_DET_ARI,2024,3,6.788,4.0,3.936819343592234,12.561999999999998,18.5,17.755271912993734,2.788,2-3,-5.938,5+,8,LOSS,WIN
2024_03_GB_TEN,2024,3,16.218,19.0,11.045941705681876,-3.780000000000001,-7.0,-3.3113556943093485,-2.782,2-3,3.22,3-5,4,WIN,WIN
2024_03_HOU_MIN,2024,3,-26.852,-29.0,-22.159351552389946,1.5,5.0,2.1472002275928332,2.148,2-3,-3.5,3-5,4,WIN,WIN
2024_03_JAX_BUF,2024,3,-32.44,-33.0,-24.998608749734483,-13.277000000000001,-10.5,-14.634751268958183,0.56,0-1,-2.777,2-3,3,WIN,LOSS
2024_03_KC_ATL,2024,3,3.474,2.0,-2.902641482654281,5.857999999999997,7.0,3.268239186487392,1.474,1-2,-1.142,1-2,1,LOSS,WIN
2024_03_LAC_PIT,2024,3,-2.1980000000000004,-7.0,-6.952937444132508,9.106000000000002,6.0,6.848916352827125,4.802,3-5,3.106,3-5,6,WIN,LOSS
2024_03_MIA_SEA,2024,3,-20.317,-17.0,-22.285438171385547,15.143,14.5,20.76652995504638,-3.317,3-5,0.643,0-1,4,LOSS,LOSS
2024_03_NE_NYJ,2024,3,-21.24,-14.5,-20.22563582303744,12.082,12.0,5.238545143890704,-6.74,5+,0.082,0-1,8,LOSS,LOSS
2024_03_NYG_CLE,2024,3,6.858,12.5,13.346287598662553,3.9029999999999987,2.0,2.573338970627603,-5.642,5+,1.903,1-2,7,WIN,LOSS
2024_03_PHI_NO,2024,3,6.7170000000000005,5.5,10.84290564749396,21.045,22.0,20.02957083545303,1.217,1-2,-0.955,0-1,1,LOSS,WIN
2024_03_SF_LA,2024,3,-6.058,-9.0,-11.012936817087407,-2.4840000000000018,-6.5,-7.054729239505988,2.942,2-3,4.016,3-5,5,WIN,WIN
2024_03_WAS_CIN,2024,3,10.169,12.5,16.38927954320986,-30.895000000000003,-25.0,-26.320743952521838,-2.331,2-3,-5.895,5+,7,WIN,LOSS
2024_04_BUF_BAL,2024,4,-25.001,-22.5,-25.92053155311209,1.9620000000000033,1.5,-0.4322391432751971,-2.501,2-3,0.462,0-1,2,LOSS,LOSS
2024_04_CIN_CAR,2024,4,6.598,5.5,1.9619727164128662,-16.857999999999997,-11.0,-16.475148163190084,1.098,1-2,-5.858,5+,7,LOSS,LOSS
2024_04_CLE_LV,2024,4,-2.253,-6.5,-2.4664498494428115,4.573,0.5,7.265107211173792,4.247,3-5,4.073,3-5,5,WIN,LOSS
2024_04_DAL_NYG,2024,4,3.425,-0.5,-5.966884842047175,6.412999999999997,10.0,8.791825544816561,3.925,3-5,-3.587,3-5,5,WIN,WIN
2024_04_DEN_NYJ,2024,4,6.995,8.5,1.9517977332669751,21.6,20.5,14.555970798876473,-1.505,1-2,1.1,1-2,1,WIN,LOSS
2024_04_JAX_HOU,2024,4,-0.6440000000000001,1.5,-3.710406542801643,-1.5760000000000005,0.5,-2.5080653785537237,-2.144,2-3,-2.076,2-3,2,WIN,WIN
2024_04_KC_LAC,2024,4,0.8869999999999996,-0.5,3.1046291549277276,14.970999999999997,14.5,16.13336099012436,1.387,1-2,0.471,0-1,1,WIN,LOSS
2024_04_LA_CHI,2024,4,-5.657,-3.0,-7.327400667925186,-0.42199999999999704,-2.0,-1.3758906295251165,-2.657,2-3,1.578,1-2,3,LOSS,WIN
2024_04_MIN_GB,2024,4,3.721,4.5,3.612397112026807,-18.195,-16.0,-16.611188555489193,-0.779,0-1,-2.195,2-3,2,WIN,LOSS
2024_04_NE_SF,2024,4,-8.21,-6.5,-3.065743000317223,3.764000000000003,-1.5,-4.40753808945135,-1.71,1-2,5.264,5+,6,LOSS,WIN
2024_04_NO_ATL,2024,4,-3.35,0.5,-10.880156942616567,-5.963999999999999,-8.5,-9.816962001567802,-3.85,3-5,2.536,2-3,5,WIN,WIN
2024_04_PHI_TB,2024,4,-19.015,-18.0,-16.543073089230585,-3.4170000000000016,-7.0,-3.379618314031731,-1.015,1-2,3.583,3-5,4,LOSS,WIN
2024_04_PIT_IND,2024,4,-4.572,-5.5,-6.660742305423163,-8.473999999999997,-11.0,-12.68973466335477,0.928,0-1,2.526,2-3,2,WIN,WIN
2024_04_SEA_DET,2024,4,-8.429,-9.5,-9.737901521663893,-26.049999999999997,-24.5,-22.57451929505104,1.071,1-2,-1.55,1-2,1,WIN,LOSS
2024_04_TEN_MIA,2024,4,21.399,21.5,27.47948155958638,-4.457000000000001,-6.0,0.4926142744065345,-0.101,0-1,1.543,1-2,1,WIN,WIN
2024_04_WAS_ARI,2024,4,29.927,31.5,34.55212316362849,-12.503999999999998,-7.0,-9.176544024933634,-1.573,1-2,-5.504,5+,7,WIN,LOSS
2024_05_ARI_SF,2024,5,9.176,8.0,15.663835900664687,1.7319999999999993,1.5,0.7121425275521815,1.176,1-2,0.232,0-1,1,LOSS,LOSS
2024_05_BAL_CIN,2024,5,2.731,0.5,-4.889829459708816,-33.325,-30.5,-32.62107532327744,2.231,2-3,-2.825,2-3,3,LOSS,LOSS
2024_05_BUF_HOU,2024,5,-3.24,-2.0,-14.355605954298252,4.726999999999997,5.0,2.362624427553939,-1.24,1-2,-0.273,0-1,1,LOSS,WIN
2024_05_CAR_CHI,2024,5,-21.716,-22.0,-17.354694584178,-9.124000000000002,-6.0,-7.3181655832697885,0.284,0-1,-3.124,3-5,3,WIN,LOSS
2024_05_CLE_WAS,2024,5,-16.139,-18.0,-23.357162296440574,-5.622,-3.0,-1.041437811368077,1.861,1-2,-2.622,2-3,3,WIN,LOSS
2024_05_DAL_PIT,2024,5,1.934,5.5,-1.7116160000862637,5.2520000000000024,6.5,5.832840390073855,-3.566,3-5,-1.248,1-2,4,WIN,WIN
2024_05_GB_LA,2024,5,6.129,2.0,4.304195279694317,1.9369999999999976,6.5,2.4670717018897363,4.129,3-5,-4.563,3-5,6,LOSS,WIN
2024_05_IND_JAX,2024,5,-0.005999999999999783,0.5,-0.9653337749485518,-28.225,-26.0,-25.31063172522486,-0.506,0-1,-2.225,2-3,2,WIN,LOSS
2024_05_LV_DEN,2024,5,-15.697,-13.0,-15.081932215754449,-12.649999999999999,-16.0,-12.252937717889509,-2.697,2-3,3.35,3-5,4,LOSS,WIN
2024_05_MIA_NE,2024,5,6.143,3.0,3.010110704833861,15.497999999999998,12.0,16.296658385080747,3.143,3-5,3.498,3-5,4,LOSS,LOSS
2024_05_NO_KC,2024,5,-9.391,-7.5,-11.885847756366964,8.863,4.0,3.9988064790254185,-1.891,1-2,4.863,3-5,6,LOSS,LOSS
2024_05_NYG_SEA,2024,5,12.802,16.0,15.492081411272128,-8.118000000000002,-6.5,-7.795992379014152,-3.198,3-5,-1.618,1-2,4,WIN,LOSS
2024_05_NYJ_MIN,2024,5,-4.265,-3.5,0.4729101769488846,2.3389999999999986,2.0,-0.9057980712517804,-0.765,0-1,0.339,0-1,1,LOSS,LOSS
2024_05_TB_ATL,2024,5,-3.788,-3.5,-9.311845489596148,-23.839,-22.0,-24.990195915930705,-0.288,0-1,-1.839,1-2,2,LOSS,LOSS
2024_06_ARI_GB,2024,6,-17.852,-15.5,-13.635545388694503,-0.8190000000000026,0.0,0.505214542069595,-2.352,2-3,-0.819,0-1,2,LOSS,PUSH
2024_06_ATL_CAR,2024,6,15.639,12.0,12.060985146280743,-17.534999999999997,-12.5,-16.454979590706408,3.639,3-5,-5.035,5+,6,LOSS,LOSS
2024_06_BUF_NYJ,2024,6,2.551,2.0,-6.1496690462956884,3.2749999999999986,-1.0,-2.6558446771240725,0.551,0-1,4.275,3-5,5,LOSS,WIN
2024_06_CIN_NYG,2024,6,10.428,5.5,7.242891793879056,19.231,22.0,19.829316526345366,4.928,3-5,-2.769,2-3,6,LOSS,WIN
2024_06_CLE_PHI,2024,6,2.215,4.0,0.6382917657815126,8.921999999999997,6.0,12.569443687709615,-1.785,1-2,2.922,2-3,3,WIN,LOSS
2024_06_DET_DAL,2024,6,38.86,34.5,43.05982768515089,-6.643000000000001,-3.5,-2.0263576607933373,4.36,3-5,-3.143,3-5,6,LOSS,LOSS
2024_06_HOU_NE,2024,6,19.458,13.5,19.83720850031222,-17.64,-23.5,-24.280929459471537,5.958,5+,5.86,5+,8,LOSS,WIN
2024_06_IND_TEN,2024,6,2.24,5.5,4.158079649667469,1.6850000000000023,5.0,8.309915988394039,-3.26,3-5,-3.315,3-5,4,WIN,WIN
2024_06_JAX_CHI,2024,6,-17.778,-20.5,-15.815609517154407,-9.473999999999997,-6.5,-8.634510721650258,2.722,2-3,-2.974,2-3,3,WIN,LOSS
2024_06_LAC_DEN,2024,6,10.324,4.0,8.855908721471652,-1.2299999999999969,-2.0,0.9746227255911464,6.324,5+,0.77,0-1,8,LOSS,WIN
2024_06_PIT_LV,2024,6,17.062,15.5,17.6261376403499,-3.719999999999999,-8.5,-6.710565775147593,1.562,1-2,4.78,3-5,6,LOSS,WIN
2024_06_SF_SEA,2024,6,8.467,8.5,5.673121240612177,-11.814999999999998,-11.0,-12.220636444061753,-0.033,0-1,-0.815,0-1,1,WIN,LOSS
2024_06_TB_NO,2024,6,27.555,20.5,29.426580903140163,-34.144,-35.5,-35.25353202652099,7.055,5+,1.356,1-2,9,LOSS,WIN
2024_06_WAS_BAL,2024,6,-2.409,-0.5,7.794088419082668,-9.762999999999998,-1.5,-5.014020965545825,-1.909,1-2,-8.263,5+,9,LOSS,LOSS
2024_07_BAL_TB,2024,7,8.932,5.5,4.906534506092269,-26.461,-21.0,-25.379208490139405,3.432,3-5,-5.461,5+,7,LOSS,LOSS
2024_07_CAR_WAS,2024,7,-27.105,-23.0,-23.07037920781393,-4.927,4.0,-2.0362250945791516,-4.105,3-5,-8.927,5+,10,LOSS,WIN
2024_07_CIN_CLE,2024,7,7.393,1.5,4.751495406940961,7.597999999999999,7.0,12.403693054603679,5.893,5+,0.598,0-1,8,LOSS,LOSS
2024_07_DEN_NO,2024,7,27.769,20.5,28.339237874135883,-1.4789999999999992,-6.0,-2.0031990116285527,7.269,5+,4.521,3-5,9,LOSS,WIN
2024_07_DET_MIN,2024,7,-1.004,3.0,-0.0434009724499953,-13.972000000000001,-9.5,-9.06744513714245,-4.004,3-5,-4.472,3-5,6,WIN,LOSS
2024_07_HOU_GB,2024,7,0.6200000000000001,1.0,4.201329227779297,-0.6989999999999981,2.0,0.11207490363465666,-0.38,0-1,-2.699,2-3,3,WIN,WIN
2024_07_KC_SF,2024,7,14.75,12.5,13.66939827651806,4.9680000000000035,1.5,0.5938163929982068,2.25,2-3,3.468,3-5,4,LOSS,LOSS
2024_07_LAC_ARI,2024,7,2.123,-3.0,-4.397283615484081,11.29,12.0,14.665123594752473,5.123,5+,-0.71,0-1,6,WIN,WIN
2024_07_LV_LA,2024,7,-1.9540000000000002,2.0,-0.8577253962390072,7.360999999999997,8.0,10.823314280472786,-3.954,3-5,-0.639,0-1,5,WIN,WIN
2024_07_MIA_IND,2024,7,-3.586,-3.0,-7.230610625093434,15.247,18.0,23.74628716196723,-0.586,0-1,-2.753,2-3,3,LOSS,WIN
2024_07_NE_JAX,2024,7,-12.767,-9.5,-12.378118565827261,-4.697000000000003,-6.0,-8.203897167311794,-3.267,3-5,1.303,1-2,4,LOSS,WIN
2024_07_NYJ_PIT,2024,7,-21.773,-25.0,-15.947363749449913,-11.164000000000001,-12.0,-19.468754213323045,3.227,3-5,0.836,0-1,4,WIN,WIN
2024_07_PHI_NYG,2024,7,25.512,22.0,22.474506617503902,14.055,11.0,12.583682447800626,3.512,3-5,3.055,3-5,4,LOSS,LOSS
2024_07_SEA_ATL,2024,7,21.131,23.0,19.99175134760804,-4.878999999999998,3.5,-0.4749092441860796,-1.869,1-2,-8.379,5+,9,WIN,WIN
2024_07_TEN_BUF,2024,7,-14.685,-14.5,-10.235682164993761,-2.0660000000000025,-3.0,-0.43150593903497025,-0.185,0-1,0.934,0-1,1,LOSS,WIN
2024_08_ARI_MIA,2024,8,0.902,5.0,5.788926793005412,-11.677,-8.5,-7.236777827819438,-4.098,3-5,-3.177,3-5,5,WIN,LOSS
2024_08_ATL_TB,2024,8,6.9239999999999995,3.5,12.370608394843035,-13.664000000000001,-10.0,-10.023065110707762,3.424,3-5,-3.664,3-5,4,LOSS,LOSS
2024_08_BAL_CLE,2024,8,-8.199,-12.5,-15.713024453510359,-9.686,-8.5,-6.708256498980617,4.301,3-5,-1.186,1-2,6,WIN,LOSS
2024_08_BUF_SEA,2024,8,20.24,18.0,14.516384116919284,7.0390000000000015,4.5,8.308525350952593,2.24,2-3,2.539,2-3,2,LOSS,LOSS
2024_08_CAR_DEN,2024,8,-10.02,-1.0,1.3005248448030589,-1.2289999999999992,-1.5,-2.815503073150495,-9.02,5+,0.271,0-1,10,LOSS,WIN
2024_08_CHI_WAS,2024,8,-0.4249999999999998,-1.5,-2.964198924194447,9.085999999999999,13.5,12.522211945876613,1.075,1-2,-4.414,3-5,6,WIN,WIN
2024_08_DAL_SF,2024,8,0.5899999999999999,-0.5,-2.1088291014472498,-4.4140000000000015,-6.0,-2.2440391433600553,1.09,1-2,1.586,1-2,1,WIN,WIN
2024_08_GB_JAX,2024,8,3.106,-0.5,-1.2434122917505022,-11.722000000000001,-8.0,-10.40732299868067,3.606,3-5,-3.722,3-5,5,WIN,LOSS
2024_08_IND_HOU,2024,8,1.0709999999999997,2.0,-0.015286300318448909,1.7590000000000003,2.0,4.7445388003393845,-0.929,0-1,-0.241,0-1,1,WIN,WIN
2024_08_KC_LV,2024,8,3.392,-2.0,-0.9043249755506588,-2.4450000000000003,-5.0,-2.1375285592559123,5.392,5+,2.555,2-3,7,WIN,WIN
2024_08_MIN_LA,2024,8,-7.904,-13.0,-11.34912167697453,-6.890000000000001,-2.5,-3.8230286381333656,5.096,5+,-4.39,3-5,6,WIN,LOSS
2024_08_NO_LAC,2024,8,-17.659,-11.0,-18.127651435003852,7.453000000000003,7.5,10.254561339706981,-6.659,5+,-0.047,0-1,8,LOSS,WIN
2024_08_NYG_PIT,2024,8,-5.4670000000000005,-2.0,2.4177520478445764,-2.6370000000000005,-6.5,-9.65519925024202,-3.467,3-5,3.863,3-5,5,LOSS,WIN
2024_08_NYJ_NE,2024,8,-2.755,-10.0,-4.959645737225615,-3.482999999999997,-6.0,-12.253061365174545,7.245,5+,2.517,2-3,9,WIN,WIN
2024_08_PHI_CIN,2024,8,20.603,22.5,21.62119502814253,-6.957999999999998,-6.5,-2.695574875996698,-1.897,1-2,-0.458,0-1,2,WIN,LOSS
2024_08_TEN_DET,2024,8,-27.131999999999998,-25.5,-25.14829161936936,-21.104,-21.0,-18.0882963125012,-1.632,1-2,-0.104,0-1,1,LOSS,LOSS
2024_09_CHI_ARI,2024,9,-18.083,-18.5,-21.801642226952065,7.329999999999998,6.5,7.036044769440153,0.417,0-1,0.83,0-1,1,WIN,LOSS
2024_09_DAL_ATL,2024,9,-4.886,-3.0,-11.451251786868593,-3.0549999999999997,4.0,2.869788333108268,-1.886,1-2,-7.055,5+,9,LOSS,WIN
2024_09_DEN_BAL,2024,9,-25.33,-22.0,-21.58836021117714,-6.625,-4.5,-7.132846839205378,-3.33,3-5,-2.125,2-3,4,LOSS,LOSS
2024_09_DET_GB,2024,9,9.235,7.5,6.430480729141081,12.459000000000003,9.5,14.57298808846192,1.735,1-2,2.959,2-3,3,LOSS,LOSS
2024_09_HOU_NYJ,2024,9,-7.078,-5.5,-8.583017556527547,11.850999999999999,9.5,6.705696658197468,-1.578,1-2,2.351,2-3,2,LOSS,LOSS
2024_09_IND_MIN,2024,9,-2.654,-1.5,-2.040529501028474,5.466999999999999,13.0,14.692360233042379,-1.154,1-2,-7.533,5+,9,LOSS,WIN
2024_09_JAX_PHI,2024,9,-1.064,2.5,2.5683855002664178,-4.197000000000003,-5.0,-1.1810150518533504,-3.564,3-5,0.803,0-1,4,WIN,WIN
2024_09_LAC_CLE,2024,9,19.913,15.0,16.35099154058704,4.735999999999997,5.5,5.928221768086885,4.913,3-5,-0.764,0-1,6,LOSS,WIN
2024_09_LA_SEA,2024,9,7.998,4.5,6.865254899147001,0.33200000000000074,2.5,1.4274461285384348,3.498,3-5,-2.168,2-3,4,LOSS,WIN
2024_09_LV_CIN,2024,9,-12.165,-9.0,-12.255945529805132,-22.345999999999997,-20.0,-16.964790073281776,-3.165,3-5,-2.346,2-3,4,LOSS,LOSS
2024_09_MIA_BUF,2024,9,2.8499999999999996,3.5,9.486390745624274,-9.658000000000001,-8.0,-8.969657260160503,-0.65,0-1,-1.658,1-2,1,WIN,LOSS
2024_09_NE_TEN,2024,9,-2.167,0.0,-1.6802166526923976,3.195999999999998,1.5,1.7278056745057313,-2.167,2-3,1.696,1-2,2,PUSH,LOSS
2024_09_NO_CAR,2024,9,-5.235,-8.0,-11.772830337113831,-0.3299999999999983,-1.5,-1.767821263991408,2.765,2-3,1.17,1-2,3,WIN,WIN
2024_09_TB_KC,2024,9,-0.14200000000000035,3.0,0.6859096495204682,-6.616999999999997,-8.5,-7.056089131821622,-3.142,3-5,1.883,1-2,4,WIN,WIN
2024_09_WAS_NYG,2024,9,5.874,0.5,2.5694882435641397,-6.040999999999997,-4.5,-7.041417610384649,5.374,5+,-1.541,1-2,7,LOSS,LOSS
2024_10_ATL_NO,2024,10,1.3250000000000002,-6.5,-0.4433441653467618,7.938000000000002,9.5,9.323105422574422,7.825,5+,-1.562,1-2,9,WIN,WIN
2024_10_BUF_IND,2024,10,4.624,5.5,-0.037754376532181055,-5.219000000000001,-3.5,-1.1805425965803806,-0.876,0-1,-1.719,1-2,1,WIN,LOSS
2024_10_CIN_BAL,2024,10,5.255,5.0,9.477463499189266,-23.215000000000003,-16.0,-17.486134573968457,0.255,0-1,-7.215,5+,9,LOSS,LOSS
2024_10_DEN_KC,2024,10,6.266,5.5,6.702150788964667,15.353000000000002,12.5,12.033724377643694,0.766,0-1,2.853,2-3,3,LOSS,LOSS
2024_10_DET_HOU,2024,10,1.54,-1.5,-5.398737679110887,0.9639999999999986,0.0,2.0902270324075687,3.04,3-5,0.964,0-1,3,WIN,PUSH
2024_10_MIA_LA,2024,10,9.899000000000001,10.5,10.960016198176028,7.814,11.5,8.68612104053733,-0.601,0-1,-3.686,3-5,5,WIN,WIN
2024_10_MIN_JAX,2024,10,6.3469999999999995,-2.0,2.0731133855624595,21.936999999999998,23.5,28.61909469737691,8.347,5+,-1.563,1-2,9,WIN,WIN
2024_10_NE_CHI,2024,10,20.353,22.5,22.243936295707996,20.134,15.5,16.07656754227935,-2.147,2-3,4.634,3-5,6,WIN,LOSS
2024_10_NYG_CAR,2024,10,-6.65,-9.5,-7.914146440182396,3.978999999999999,3.5,1.1644711676517616,2.85,2-3,0.479,0-1,3,WIN,LOSS
2024_10_NYJ_ARI,2024,10,-22.454,-27.0,-23.02549445672588,9.137,8.5,4.671023010499837,4.546,3-5,0.637,0-1,6,WIN,LOSS
2024_10_PHI_DAL,2024,10,29.865,20.5,30.23867445822375,8.854999999999997,4.5,13.293492576109799,9.365,5+,4.355,3-5,10,LOSS,LOSS
2024_10_PIT_WAS,2024,10,3.628,2.5,-1.9859157893572537,-12.500999999999998,-10.0,-13.162389119449543,1.128,1-2,-2.501,2-3,2,LOSS,LOSS
2024_10_SF_TB,2024,10,-1.7969999999999997,-3.5,-1.3695570378772146,6.405000000000001,7.5,6.1823801447188345,1.703,1-2,-1.095,1-2,1,WIN,WIN
2024_10_TEN_LAC,2024,10,-7.731,-2.0,-0.3883424013105934,-4.783000000000001,-4.0,-2.94383572185437,-5.731,5+,-0.783,0-1,7,LOSS,LOSS
2024_11_ATL_DEN,2024,11,-30.88,-30.0,-28.578270157265802,0.0379999999999967,0.5,-2.7261486074127745,-0.88,0-1,-0.462,0-1,1,LOSS,WIN
2024_11_BAL_PIT,2024,11,-2.834,-5.0,-6.709547786837711,11.749000000000002,14.0,9.473940730453535,2.166,2-3,-2.251,2-3,2,WIN,WIN
2024_11_CIN_LAC,2024,11,-7.7,-6.0,-5.635081150902252,-18.631,-13.0,-13.879454201471923,-1.7,1-2,-5.631,5+,7,LOSS,LOSS
2024_11_CLE_NO,2024,11,-14.544,-22.0,-17.893536943160385,-5.046999999999997,-5.0,-5.501852671343556,7.456,5+,-0.047,0-1,9,WIN,LOSS
2024_11_GB_CHI,2024,11,0.372,-5.0,-3.2444027661411985,5.070999999999998,2.0,3.46916108806937,5.372,5+,3.071,3-5,7,WIN,LOSS
2024_11_HOU_DAL,2024,11,25.456,16.5,28.573151579080957,2.4979999999999976,-2.5,5.318268882711166,8.956,5+,4.998,3-5,10,LOSS,WIN
2024_11_IND_NYJ,2024,11,5.628,5.0,0.9951027467747697,-13.847000000000001,-12.0,-13.884851664249261,0.628,0-1,-1.847,1-2,2,LOSS,LOSS
2024_11_JAX_DET,2024,11,-38.291,-32.0,-33.51384142452194,-10.011000000000003,-10.5,-7.365224620145398,-6.291,5+,0.489,0-1,8,LOSS,WIN
2024_11_KC_BUF,2024,11,-8.007,-6.5,-4.516916824875871,0.21300000000000097,-4.5,-4.621208191283586,-1.507,1-2,4.713,3-5,6,LOSS,WIN
2024_11_LA_NE,2024,11,6.003,2.0,2.7658581920383325,-5.274999999999999,-7.5,-10.198203993443713,4.003,3-5,2.225,2-3,5,LOSS,WIN
2024_11_LV_MIA,2024,11,-13.02,-7.0,-10.07204642654808,-13.723999999999997,-9.5,-5.6775325103195655,-6.02,5+,-4.224,3-5,8,LOSS,LOSS
2024_11_MIN_TEN,2024,11,8.915,4.0,3.1856894578566015,3.2760000000000034,4.0,7.178986236635467,4.915,3-5,-0.724,0-1,6,LOSS,WIN
2024_11_SEA_SF,2024,11,11.606,9.0,12.23426901527557,13.104999999999997,12.0,12.212541942508508,2.606,2-3,1.105,1-2,3,LOSS,LOSS
2024_11_WAS_PHI,2024,11,-5.409,-3.5,-0.5926411998175496,1.4369999999999976,5.5,6.635718072969695,-1.909,1-2,-4.063,3-5,5,LOSS,WIN
2024_12_ARI_SEA,2024,12,-10.027,-11.0,-7.93276672963195,26.317,24.5,26.46555109800373,0.973,0-1,1.817,1-2,2,WIN,LOSS
2024_12_BAL_LAC,2024,12,2.4109999999999996,4.0,1.6419264857561835,-6.707999999999998,-2.0,-5.7329818867218165,-1.589,1-2,-4.708,3-5,6,WIN,LOSS
2024_12_DAL_WAS,2024,12,8.39,18.5,9.063727595815012,-13.793999999999997,-15.0,-8.689525792409967,-10.11,5+,1.206,1-2,10,WIN,WIN
2024_12_DEN_LV,2024,12,10.035,3.5,5.655425348786483,-4.331000000000003,-6.5,-5.894288450116711,6.535,5+,2.169,2-3,8,LOSS,WIN
2024_12_DET_IND,2024,12,13.929,11.0,6.7594770953368375,15.521,20.5,22.86261561963527,2.929,2-3,-4.979,3-5,6,LOSS,WIN
2024_12_KC_CAR,2024,12,-2.3819999999999997,-8.0,-12.261471104792925,-9.621000000000002,-14.0,-14.337984901919413,5.618,5+,4.379,3-5,7,WIN,WIN
2024_12_MIN_CHI,2024,12,4.355,0.0,-0.5253829966903498,-14.776000000000003,-17.5,-15.519455300088858,4.355,3-5,2.724,2-3,6,PUSH,WIN
2024_12_NE_MIA,2024,12,-14.651,-11.5,-11.62660848424336,-3.192999999999998,-3.0,-7.146767697764503,-3.151,3-5,-0.193,0-1,4,LOSS,LOSS
2024_12_PHI_LA,2024,12,17.7,14.0,13.675606732943987,-7.087000000000003,-8.0,-8.65885453587076,3.7,3-5,0.913,0-1,5,LOSS,WIN
2024_12_PIT_CLE,2024,12,-5.676,-8.5,-10.970006731583545,-0.9949999999999974,-6.5,-3.646131099293328,2.824,2-3,5.505,5+,7,WIN,WIN
2024_12_SF_GB,2024,12,-31.022,-21.5,-30.492614988775678,2.756999999999998,-3.5,-0.6883480391678631,-9.522,5+,6.257,5+,10,LOSS,WIN
2024_12_TB_NYG,2024,12,24.664,16.5,17.122317090886913,7.454000000000001,3.5,5.216083319836855,8.164,5+,3.954,3-5,9,LOSS,LOSS
2024_12_TEN_HOU,2024,12,11.295,13.0,13.71150064963527,-16.092,-18.5,-16.34194792283737,-1.705,1-2,2.408,2-3,2,WIN,WIN
2024_13_ARI_MIN,2024,13,1.979,2.5,4.042664857670827,-0.21399999999999864,0.5,1.387453861945076,-0.521,0-1,-0.714,0-1,1,WIN,WIN
2024_13_CHI_DET,2024,13,2.7190000000000003,6.5,12.191696211853019,5.1569999999999965,4.5,4.753060037622234,-3.781,3-5,0.657,0-1,5,WIN,LOSS
2024_13_CLE_DEN,2024,13,-5.4719999999999995,-2.5,-2.2508780049286115,-29.994,-31.5,-31.60777489485001,-2.972,2-3,1.506,1-2,3,LOSS,WIN
2024_13_HOU_JAX,2024,13,1.846,-0.5,0.266336202340514,1.8800000000000026,1.5,3.072739228953999,2.346,2-3,0.38,0-1,2,WIN,LOSS
2024_13_IND_NE,2024,13,5.273,-1.5,-0.20521227060438552,-6.920999999999999,-7.5,-6.998876758479845,6.773,5+,0.579,0-1,9,WIN,WIN
2024_13_LAC_ATL,2024,13,8.487,3.0,0.17515025146005803,13.344999999999999,17.0,15.006462577208353,5.487,5+,-3.655,3-5,7,LOSS,WIN
2024_13_LA_NO,2024,13,11.315999999999999,4.5,9.793910697278964,13.246000000000002,13.5,10.497544863392598,6.816,5+,-0.254,0-1,9,LOSS,WIN
2024_13_LV_KC,2024,13,8.3,11.5,9.234865709633148,12.07,6.0,10.822154630359172,-3.2,3-5,6.07,5+,8,WIN,LOSS
2024_13_MIA_GB,2024,13,-11.297,-9.5,-8.66157914687157,-0.19299999999999784,0.5,0.8054404194169607,-1.797,1-2,-0.693,0-1,2,LOSS,WIN
2024_13_NYG_DAL,2024,13,-5.429,-2.5,1.927892903851749,-7.390000000000001,-8.0,-2.3669625614468544,-2.929,2-3,0.61,0-1,3,LOSS,WIN
2024_13_PHI_BAL,2024,13,9.039,8.0,9.773104223196274,9.289000000000001,7.0,8.5970740228394,1.039,1-2,2.289,2-3,2,LOSS,LOSS
2024_13_PIT_CIN,2024,13,7.273,9.0,6.214804099142883,-37.154,-36.0,-37.271504748067436,-1.727,1-2,-1.154,1-2,1,WIN,LOSS
2024_13_SEA_NYJ,2024,13,7.414,6.0,2.064635391017031,-2.3049999999999997,-5.5,-5.546943906490924,1.414,1-2,3.195,3-5,4,LOSS,WIN
2024_13_SF_BUF,2024,13,-26.539,-18.5,-18.1655040076107,8.539000000000001,0.0,3.9219328192576626,-8.039,5+,8.539,5+,9,LOSS,PUSH
2024_13_TB_CAR,2024,13,-0.355,-3.5,-8.67894530116788,-5.9879999999999995,-3.0,-3.1594402772922265,3.145,3-5,-2.988,2-3,4,WIN,LOSS
2024_13_TEN_WAS,2024,13,-18.75,-17.0,-17.166519716703554,-19.561,-16.0,-14.548322789313602,-1.75,1-2,-3.561,3-5,4,LOSS,LOSS
2024_14_ATL_MIN,2024,14,-17.759999999999998,-15.0,-13.641005402838832,-21.655,-16.5,-16.654285147459923,-2.76,2-3,-5.155,5+,6,LOSS,LOSS
2024_14_BUF_LA,2024,14,-3.923,-5.5,-10.949977582871304,-36.367,-36.5,-37.75888400296148,1.577,1-2,0.133,0-1,1,WIN,WIN
2024_14_CAR_PHI,2024,14,2.6029999999999998,8.0,12.062276299910216,8.738,6.5,10.412898226274748,-5.397,5+,2.238,2-3,7,WIN,LOSS
2024_14_CHI_SF,2024,14,-21.989,-22.0,-18.27414248800191,-6.473999999999997,-7.5,-5.871296659191444,0.011,0-1,1.026,1-2,1,WIN,WIN
2024_14_CIN_DAL,2024,14,3.918,2.0,7.979921243143533,-7.4680000000000035,4.0,9.36353395549527,1.918,1-2,-11.468,5+,10,LOSS,WIN
2024_14_CLE_PIT,2024,14,-7.902,-7.0,-4.665824806757669,1.9420000000000002,2.0,2.600891862488581,-0.902,0-1,-0.058,0-1,1,LOSS,WIN
2024_14_GB_DET,2024,14,2.4379999999999997,0.0,3.7457328275075312,-13.628999999999998,-12.0,-13.659783536874812,2.438,2-3,-1.629,1-2,2,PUSH,LOSS
2024_14_JAX_TEN,2024,14,4.279,7.0,3.7461463040432044,25.851999999999997,24.0,29.675454872821398,-2.721,2-3,1.852,1-2,3,WIN,LOSS
2024_14_LAC_KC,2024,14,7.246,3.0,2.1830925879162635,11.335,7.5,8.710468054697749,4.246,3-5,3.835,3-5,5,LOSS,LOSS
2024_14_LV_TB,2024,14,-10.232,-8.0,-7.278066566070883,3.4609999999999985,6.0,7.874958488988511,-2.232,2-3,-2.539,2-3,2,LOSS,WIN
2024_14_NO_NYG,2024,14,-0.359,-2.5,-1.6655661206056083,18.386000000000003,16.0,15.440101925857498,2.141,2-3,2.386,2-3,2,WIN,LOSS
2024_14_NYJ_MIA,2024,14,-1.157,0.5,1.0657316030824031,-14.353000000000002,-13.0,-14.877462831831949,-1.657,1-2,-1.353,1-2,1,WIN,LOSS
2024_14_SEA_ARI,2024,14,14.496,15.0,11.950078970112294,-2.4369999999999976,-2.5,-0.24206990254455718,-0.504,0-1,0.063,0-1,1,WIN,WIN
2024_15_ATL_LV,2024,15,6.037,-0.5,7.84996972615509,21.085,20.5,23.27082015588114,6.537,5+,0.585,0-1,8,WIN,LOSS
2024_15_BAL_NYG,2024,15,16.531,4.5,7.15992758816234,-2.7830000000000013,-5.5,-5.962719822063022,12.031,5+,2.717,2-3,10,LOSS,WIN
2024_15_BUF_DET,2024,15,7.84,8.5,7.633182588033988,-36.374,-34.5,-35.71298805352686,-0.66,0-1,-1.874,1-2,2,WIN,LOSS
2024_15_CHI_MIN,2024,15,-16.517,-11.0,-10.323665649493798,-0.5510000000000019,1.5,2.0928113546782896,-5.517,5+,-2.051,2-3,7,LOSS,WIN
2024_15_CIN_TEN,2024,15,9.566,4.0,3.039178834803643,-20.569000000000003,-17.5,-14.517150410932743,5.566,5+,-3.069,3-5,7,LOSS,LOSS
2024_15_DAL_CAR,2024,15,18.197,18.5,8.728933249533526,-6.473999999999997,-2.0,4.985556658452502,-0.303,0-1,-4.474,3-5,6,WIN,LOSS
2024_15_GB_SEA,2024,15,16.85,14.0,14.886891963780357,3.770000000000003,5.0,5.462160231480524,2.85,2-3,-1.23,1-2,3,LOSS,WIN
2024_15_IND_DEN,2024,15,-12.024000000000001,-13.5,-11.201587645480814,-2.317,-0.5,1.349218542106783,1.476,1-2,-1.817,1-2,2,WIN,LOSS
2024_15_KC_CLE,2024,15,9.353,9.5,7.668373848432327,19.708,13.5,18.28563376208001,-0.147,0-1,6.208,5+,8,WIN,LOSS
2024_15_LA_SF,2024,15,8.927,9.0,11.310036788326098,30.540999999999997,30.5,31.11917910440964,-0.073,0-1,0.041,0-1,1,WIN,LOSS
2024_15_MIA_HOU,2024,15,-7.564,-5.5,-7.299456543351121,14.097999999999999,14.5,16.717499448508413,-2.064,2-3,-0.402,0-1,2,LOSS,WIN
2024_15_NE_ARI,2024,15,-8.915,-7.0,-7.660131379639886,0.767000000000003,-0.5,-4.527488259746093,-1.915,1-2,1.267,1-2,2,LOSS,WIN
2024_15_NYJ_JAX,2024,15,6.2780000000000005,3.5,8.222941957129624,-16.326,-15.5,-15.745226882510124,2.778,2-3,-0.826,0-1,3,LOSS,LOSS
2024_15_PIT_PHI,2024,15,-12.407,-8.5,-10.332059053390324,9.904000000000003,3.0,5.179564694228127,-3.907,3-5,6.904,5+,8,LOSS,LOSS
2024_15_TB_LAC,2024,15,22.828,26.0,23.998133836955407,-11.872999999999998,-11.0,-10.992070179715569,-3.172,3-5,-0.873,0-1,4,WIN,LOSS
2024_15_WAS_NO,2024,15,4.66,-6.5,2.153457667720069,6.6469999999999985,5.5,9.292921420924941,11.16,5+,1.147,1-2,10,WIN,LOSS
2024_16_ARI_CAR,2024,16,-8.982,-11.5,-12.858732555654125,-19.825000000000003,-19.0,-20.82552380485184,2.518,2-3,-0.825,0-1,3,WIN,LOSS
2024_16_CLE_CIN,2024,16,-16.38,-8.0,-10.540980822849445,14.539000000000001,16.5,22.026408949010126,-8.38,5+,-1.961,1-2,9,LOSS,WIN
2024_16_DEN_LAC,2024,16,-6.897,-4.0,-7.840661044429186,-18.886000000000003,-19.5,-19.01275251778162,-2.897,2-3,0.614,0-1,3,LOSS,WIN
2024_16_DET_CHI,2024,16,14.42,10.0,5.433996268760854,-1.0820000000000007,-3.5,-1.0079350988899591,4.42,3-5,2.418,2-3,6,LOSS,WIN
2024_16_HOU_KC,2024,16,-1.7699999999999996,-4.5,-1.7522420208292653,4.008000000000003,-3.5,-1.4481635796885541,2.73,2-3,7.508,5+,9,WIN,WIN
2024_16_JAX_LV,2024,16,-1.4300000000000002,-2.5,-3.1526969324061427,9.979,8.5,12.71941279605609,1.07,1-2,1.479,1-2,1,WIN,LOSS
2024_16_LA_NYJ,2024,16,10.389,7.0,6.27585653628093,18.198,19.0,14.90692146108853,3.389,3-5,-0.802,0-1,4,LOSS,WIN
2024_16_MIN_SEA,2024,16,4.1,0.5,1.6242061407240422,-7.954999999999998,-8.0,-3.595968011305871,3.6,3-5,0.045,0-1,4,LOSS,WIN
2024_16_NE_BUF,2024,16,4.899,11.0,15.156078332378428,4.561,3.0,1.148876398772103,-6.101,5+,1.561,1-2,8,WIN,LOSS
2024_16_NO_GB,2024,16,-33.271,-20.0,-25.7321937146587,14.880000000000003,10.0,11.767764202079832,-13.271,5+,4.88,3-5,10,LOSS,LOSS
2024_16_NYG_ATL,2024,16,-23.876,-17.5,-22.483456311685437,0.9279999999999973,1.5,-0.7628804535043088,-6.376,5+,-0.572,0-1,8,LOSS,WIN
2024_16_PHI_WAS,2024,16,-1.423,-7.0,-8.029448011024495,-20.128,-22.0,-17.811703609635487,5.577,5+,1.872,1-2,7,WIN,WIN
2024_16_PIT_BAL,2024,16,-13.782,-10.0,-9.468431288014479,-2.6480000000000032,-6.5,-5.659473962064652,-3.782,3-5,3.852,3-5,5,LOSS,WIN
2024_16_SF_MIA,2024,16,-9.262,-14.0,-13.765644877412335,-0.5970000000000013,-2.0,2.3122307586684627,4.738,3-5,1.403,1-2,6,WIN,WIN
2024_16_TB_DAL,2024,16,-3.6799999999999997,-6.5,-4.321140067032447,-5.942,-2.5,2.0845260616644197,2.82,2-3,-3.442,3-5,4,WIN,LOSS
2024_16_TEN_IND,2024,16,-5.6080000000000005,-4.0,-2.8661612666057072,-29.128,-25.5,-22.16538286203405,-1.608,1-2,-3.628,3-5,4,LOSS,LOSS
2024_17_ARI_LA,2024,17,-2.089,2.5,1.4966559495618599,25.863999999999997,26.0,25.143686793612844,-4.589,3-5,-0.136,0-1,6,WIN,WIN
2024_17_ATL_WAS,2024,17,-1.0789999999999997,-2.5,-1.3550993290183566,-9.709000000000003,-7.5,-5.179485391748997,1.421,1-2,-2.209,2-3,2,WIN,LOSS
2024_17_BAL_HOU,2024,17,26.68,23.5,21.09225141583422,17.015,13.5,16.225939399279234,3.18,3-5,3.515,3-5,4,LOSS,LOSS
2024_17_CAR_TB,2024,17,-29.240000000000002,-24.5,-19.549723580536345,-15.680999999999997,-14.5,-15.55413938174648,-4.74,3-5,-1.181,1-2,6,LOSS,LOSS
2024_17_DAL_PHI,2024,17,-27.111,-26.5,-27.115471417367594,-1.195999999999998,-10.5,4.7887974256381085,-0.611,0-1,9.304,5+,10,LOSS,WIN
2024_17_DEN_CIN,2024,17,-4.911,-2.5,-4.557736346732044,-7.6739999999999995,-3.5,-5.28431352074621,-2.411,2-3,-4.174,3-5,5,LOSS,LOSS
2024_17_DET_SF,2024,17,4.867,2.0,0.783401505673833,-22.183999999999997,-23.5,-21.174372593782806,2.867,2-3,1.316,1-2,3,LOSS,WIN
2024_17_GB_MIN,2024,17,-2.633,-3.0,-4.439629324540885,-6.539999999999999,-3.0,-4.893904174919207,0.367,0-1,-3.54,3-5,4,WIN,LOSS
2024_17_IND_NYG,2024,17,-8.887,-19.5,-15.476370045927627,-37.2,-37.5,-35.33113540928089,10.613,5+,0.3,0-1,10,WIN,WIN
2024_17_KC_PIT,2024,17,18.0,16.0,18.06973436285984,9.820999999999998,4.5,2.422310591843882,2.0,2-3,5.321,5+,7,LOSS,LOSS
2024_17_LAC_NE,2024,17,35.112,27.0,28.15320440156804,-3.5489999999999995,-5.0,-6.329971512766946,8.112,5+,1.451,1-2,9,LOSS,WIN
2024_17_LV_NO,2024,17,19.964,13.0,18.990927827626923,11.462000000000003,2.5,8.615602861089883,6.964,5+,8.962,5+,10,LOSS,LOSS
2024_17_MIA_CLE,2024,17,16.255,14.0,12.50878536407437,21.436999999999998,9.5,23.710974333318866,2.255,2-3,11.937,5+,10,LOSS,LOSS
2024_17_NYJ_BUF,2024,17,-18.587,-16.0,-10.885585978948221,-5.954000000000001,-9.5,-7.846390850724745,-2.587,2-3,3.546,3-5,4,LOSS,WIN
2024_17_SEA_CHI,2024,17,5.843999999999999,-0.5,-0.050253383986831324,36.116,34.5,35.282047177602344,6.344,5+,1.616,1-2,8,WIN,LOSS
2024_17_TEN_JAX,2024,17,-5.1530000000000005,-8.0,-3.4147167057458057,6.6569999999999965,5.0,11.33066225702872,2.847,2-3,1.657,1-2,3,WIN,LOSS
2024_18_BUF_NE,2024,18,-12.036999999999999,-10.0,-22.48330952390279,9.302999999999997,-2.5,7.622103966591908,-2.037,2-3,11.803,5+,10,LOSS,WIN
2024_18_CAR_ATL,2024,18,10.611,13.5,14.927543279553543,-39.977,-33.5,-36.650762191369765,-2.889,2-3,-6.477,5+,8,WIN,LOSS
2024_18_CHI_GB,2024,18,6.143,12.0,15.144980990043498,-0.1670000000000016,-4.5,-3.029110847794307,-5.857,5+,4.333,3-5,8,WIN,WIN
2024_18_CIN_PIT,2024,18,6.882,-0.5,2.2171763193183756,9.904000000000003,12.5,11.784533636858,7.382,5+,-2.596,2-3,9,WIN,WIN
2024_18_CLE_BAL,2024,18,-19.918,-5.5,-6.696159230315708,1.1950000000000003,-2.5,1.882578435815546,-14.418,5+,3.695,3-5,10,LOSS,WIN
2024_18_HOU_TEN,2024,18,7.553,11.5,4.098982995916861,3.8260000000000005,-0.5,7.019152228123836,-3.947,3-5,4.326,3-5,5,WIN,WIN
2024_18_JAX_IND,2024,18,-1.301,0.5,-0.7067642350599326,-7.755000000000003,-3.5,-0.38884158194618834,-1.801,1-2,-4.255,3-5,5,WIN,LOSS
2024_18_KC_DEN,2024,18,-41.903999999999996,-27.5,-40.451276801973435,9.662999999999997,2.5,5.316921428346568,-14.404,5+,7.163,5+,10,LOSS,LOSS
2024_18_LAC_LV,2024,18,16.991,7.0,9.163149098140611,-9.119999999999997,-11.5,-9.324831615081479,9.991,5+,2.38,2-3,10,LOSS,WIN
2024_18_MIA_NYJ,2024,18,-12.196,-10.5,-17.42156232133697,-8.39,-12.5,-8.74353047440907,-1.696,1-2,4.11,3-5,5,LOSS,WIN
2024_18_MIN_DET,2024,18,-15.814,-19.0,-14.722425603605213,8.963999999999999,16.5,14.649806317997694,3.186,3-5,-7.536,5+,9,WIN,WIN
2024_18_NO_TB,2024,18,-7.709,6.5,2.4066239280606965,1.0459999999999994,-1.5,0.5063935543726217,-14.209,5+,2.546,2-3,10,WIN,WIN
2024_18_NYG_PHI,2024,18,-2.2439999999999998,-4.0,9.866455038550221,14.600000000000001,3.5,11.9304574774484,1.756,1-2,11.1,5+,10,WIN,LOSS
2024_18_SEA_LA,2024,18,6.296,-2.5,7.854520787149039,-9.161999999999999,-16.5,-10.262557433976212,8.796,5+,7.338,5+,10,WIN,WIN
2024_18_SF_ARI,2024,18,-27.462,-18.5,-26.005486628925183,-18.21,-28.5,-22.94072440687173,-8.962,5+,10.29,5+,10,LOSS,WIN
2024_18_WAS_DAL,2024,18,2.308,-3.0,4.05050408844382,-1.1280000000000001,1.5,11.844057962232682,5.308,5+,-2.628,2-3,7,WIN,WIN
2025_01_ARI_NO,2025,1,9.732,1.0,5.496078488441018,15.386000000000003,11.5,12.739455646104979,8.732,5+,3.886,3-5,10,LOSS,LOSS
2025_01_BAL_BUF,2025,1,4.996,-2.5,-2.2151716284751224,-30.302,-30.5,-27.747947502904196,7.496,5+,0.198,0-1,9,WIN,WIN
2025_01_CAR_JAX,2025,1,-13.965,-11.5,-10.502828033341546,7.960000000000001,9.5,10.31047142148789,-2.465,2-3,-1.54,1-2,2,LOSS,WIN
2025_01_CIN_CLE,2025,1,2.766,-4.5,-6.318037406049615,14.036999999999999,14.5,16.545449678279184,7.266,5+,-0.463,0-1,9,WIN,WIN
2025_01_DAL_PHI,2025,1,-0.6560000000000001,4.5,6.0315030551332764,4.987000000000002,3.5,8.208359891831996,-5.156,5+,1.487,1-2,6,WIN,LOSS
2025_01_DET_GB,2025,1,-14.859,-12.5,-16.556478312631384,11.779000000000003,8.5,13.899670744531647,-2.359,2-3,3.279,3-5,4,LOSS,LOSS
2025_01_HOU_LA,2025,1,-1.1150000000000002,-1.5,-1.144997570095314,25.975,20.5,21.48445717575916,0.385,0-1,5.475,5+,7,WIN,LOSS
2025_01_KC_LAC,2025,1,-7.107,-9.0,-4.4015030784799105,2.5529999999999973,-0.5,-3.1001775393281363,1.893,1-2,3.053,3-5,3,WIN,WIN
2025_01_LV_NE,2025,1,7.646,9.5,7.067158541656404,12.988,11.5,8.111526474852823,-1.854,1-2,1.488,1-2,2,WIN,LOSS
2025_01_MIA_IND,2025,1,-27.712,-23.5,-28.86350077877136,4.768000000000001,6.5,9.509201583886295,-4.212,3-5,-1.732,1-2,5,LOSS,WIN
2025_01_MIN_CHI,2025,1,7.117,1.5,-1.6211220491057619,-5.8160000000000025,-7.5,-8.721925896980906,5.617,5+,1.684,1-2,7,LOSS,WIN
2025_01_NYG_WAS,2025,1,-12.121,-9.0,-5.771625728540705,20.064,18.5,17.525722701471693,-3.121,3-5,1.564,1-2,4,LOSS,LOSS
2025_01_PIT_NYJ,2025,1,0.04299999999999993,-1.0,-1.2635344910808515,-23.933,-28.5,-27.88102942617776,1.043,1-2,4.567,3-5,6,WIN,WIN
2025_01_SF_SEA,2025,1,1.674,1.5,5.48298374208942,15.685000000000002,13.5,17.89136882867112,0.174,0-1,2.185,2-3,2,LOSS,LOSS
2025_01_TB_ATL,2025,1,-0.766,1.5,-4.27805696322687,2.618000000000002,4.5,6.431290509060695,-2.266,2-3,-1.882,1-2,2,WIN,WIN
2025_01_TEN_DEN,2025,1,-2.1710000000000003,0.5,6.3265856064662245,11.912999999999997,10.5,10.16772580403989,-2.671,2-3,1.413,1-2,3,WIN,LOSS
2025_02_ATL_MIN,2025,2,17.113,19.5,23.903807649051114,10.567999999999998,16.5,19.477964133912288,-2.387,2-3,-5.932,5+,8,WIN,WIN
2025_02_BUF_NYJ,2025,2,16.761,14.0,9.20242005769491,3.4080000000000013,7.5,8.280787408270754,2.761,2-3,-4.092,3-5,5,LOSS,WIN
2025_02_CAR_ARI,2025,2,-0.4980000000000002,2.0,6.515107234500494,-8.258000000000003,-3.5,-2.127024822678159,-2.498,2-3,-4.758,3-5,6,WIN,LOSS
2025_02_CHI_DET,2025,2,-26.517,-25.0,-16.68893224954369,-29.127000000000002,-26.5,-24.72282589293676,-1.517,1-2,-2.627,2-3,3,LOSS,LOSS
2025_02_CLE_BAL,2025,2,-22.818,-11.5,-5.540317117618773,-19.081000000000003,-11.5,-11.142321715747329,-11.318,5+,-7.581,5+,10,LOSS,LOSS
2025_02_DEN_IND,2025,2,-0.08299999999999996,-3.5,-6.404424190471074,-18.667,-13.5,-10.310274284756076,3.417,3-5,-5.167,5+,6,WIN,LOSS
2025_02_JAX_CIN,2025,2,-0.4039999999999999,-0.5,4.653091514419492,-18.714,-8.5,-9.034753095214754,0.096,0-1,-10.214,5+,10,WIN,LOSS
2025_02_LAC_LV,2025,2,9.837,7.5,5.1052073204888035,13.417000000000002,17.5,16.523006642591497,2.337,2-3,-4.083,3-5,5,LOSS,WIN
2025_02_LA_TEN,2025,2,13.565,8.5,6.807915998907094,-13.11,-10.5,-9.329597238593884,5.065,5+,-2.61,2-3,6,LOSS,LOSS
2025_02_NE_MIA,2025,2,10.199,7.5,12.804752731571657,-17.601999999999997,-16.5,-17.61586529882662,2.699,2-3,-1.102,1-2,3,LOSS,LOSS
2025_02_NYG_DAL,2025,2,-1.365,1.5,5.039516199344227,-36.434,-32.5,-32.89597018583886,-2.865,2-3,-3.934,3-5,5,WIN,LOSS
2025_02_PHI_KC,2025,2,6.473,1.5,1.115586775902349,8.554000000000002,9.5,10.541303684843285,4.973,3-5,-0.946,0-1,6,LOSS,WIN
2025_02_SEA_PIT,2025,2,19.371000000000002,17.5,16.063891913921957,-12.354999999999997,-7.5,-5.230050863894604,1.871,1-2,-4.855,3-5,6,LOSS,LOSS
2025_02_SF_NO,2025,2,4.663,2.0,1.4776660762916296,-6.017000000000003,-6.5,-1.8004545352488606,2.663,2-3,0.483,0-1,3,LOSS,WIN
2025_02_TB_HOU,2025,2,0.863,3.5,-3.3400046811309654,2.5930000000000035,3.5,7.659290104494602,-2.637,2-3,-0.907,0-1,3,WIN,WIN
2025_02_WAS_GB,2025,2,-5.1850000000000005,-5.5,-0.9513555476231499,-3.0290000000000035,3.5,3.497775424381672,0.315,0-1,-6.529,5+,8,WIN,WIN
2025_03_ARI_SF,2025,3,-2.269,0.5,2.423452473853545,10.036000000000001,13.5,17.877887420759542,-2.769,2-3,-3.464,3-5,4,WIN,WIN
2025_03_ATL_CAR,2025,3,-29.969,-35.5,-35.87798570493432,10.819000000000003,14.5,16.969385667172247,5.531,5+,-3.681,3-5,7,WIN,WIN
2025_03_CIN_MIN,2025,3,-41.41,-35.0,-37.27539984712376,-23.923000000000002,-16.5,-7.145372257813726,-6.41,5+,-7.423,5+,9,LOSS,LOSS
2025_03_DAL_CHI,2025,3,-14.031,-18.5,-18.316329792527764,-2.179000000000002,4.5,2.6913535530932933,4.469,3-5,-6.679,5+,8,WIN,WIN
2025_03_DEN_LAC,2025,3,1.016,-0.5,-1.32344044802913,0.2259999999999991,2.5,0.6209471819138557,1.516,1-2,-2.274,2-3,2,WIN,WIN
2025_03_DET_BAL,2025,3,5.341,12.5,10.60174208618135,-24.441000000000003,-14.5,-10.652960859543015,-7.159,5+,-9.941,5+,10,WIN,LOSS
2025_03_GB_CLE,2025,3,-3.8609999999999998,-11.5,-15.071103403876178,18.766,18.5,21.09048643956909,7.639,5+,0.266,0-1,9,WIN,LOSS
2025_03_HOU_JAX,2025,3,-4.438000000000001,-5.5,-8.74173479970833,13.369,16.5,15.64455080261245,1.062,1-2,-3.131,3-5,3,WIN,WIN
2025_03_IND_TEN,2025,3,20.488,15.0,16.84149260053588,-23.604999999999997,-17.5,-13.483639967708584,5.488,5+,-6.105,5+,8,LOSS,LOSS
2025_03_KC_NYG,2025,3,13.707,7.0,4.4775710601785015,11.500999999999998,13.5,9.14769014814344,6.707,5+,-1.999,1-2,8,LOSS,WIN
2025_03_LA_PHI,2025,3,-5.9879999999999995,-3.5,-0.4158015168289486,-14.301000000000002,-13.5,-12.586581426932668,-2.488,2-3,-0.801,0-1,2,LOSS,LOSS
2025_03_LV_WAS,2025,3,-14.389,-14.5,-10.269724294017953,-23.942,-21.5,-18.23370667007937,0.111,0-1,-2.442,2-3,2,WIN,LOSS
2025_03_MIA_BUF,2025,3,-6.24,2.5,2.6295442465846435,-5.808,-1.5,0.6855011084615654,-8.74,5+,-4.308,3-5,10,WIN,LOSS
2025_03_NO_SEA,2025,3,-31.062,-23.5,-23.96726895130995,-20.21,-15.5,-13.952346943166866,-7.562,5+,-4.71,3-5,9,LOSS,LOSS
2025_03_NYJ_TB,2025,3,3.2779999999999996,4.5,8.456844530020602,-15.433,-12.5,-10.717612393059113,-1.222,1-2,-2.933,2-3,3,WIN,LOSS
2025_03_PIT_NE,2025,3,8.459,5.5,3.37093609016786,3.9680000000000035,9.5,4.352920142373421,2.959,2-3,-5.532,5+,7,LOSS,WIN
2025_04_BAL_KC,2025,4,-11.429,-19.5,-22.847836035645166,-13.026000000000003,-8.5,-8.235064000899314,8.071,5+,-4.526,3-5,9,WIN,LOSS
2025_04_CAR_NE,2025,4,-25.195,-23.5,-25.794761558468938,-12.357999999999997,-12.5,-12.805265221546023,-1.695,1-2,0.142,0-1,1,LOSS,WIN
2025_04_CHI_LV,2025,4,-0.11499999999999999,2.5,1.0128604301074753,-3.3969999999999985,-1.5,-6.1715827748540875,-2.615,2-3,-1.897,1-2,3,WIN,LOSS
2025_04_CIN_DEN,2025,4,-23.312,-17.5,-19.247067742999825,10.125999999999998,13.5,18.823086214534385,-5.812,5+,-3.374,3-5,7,LOSS,WIN
2025_04_CLE_DET,2025,4,-17.881,-14.0,-6.152326464159845,0.7109999999999985,0.5,7.262132540257355,-3.881,3-5,0.211,0-1,5,LOSS,LOSS
2025_04_GB_DAL,2025,4,-1.16,-7.0,-7.508160248017441,-35.742,-32.5,-30.032077378993918,5.84,5+,-3.242,3-5,8,WIN,LOSS
2025_04_IND_LA,2025,4,-4.693,-3.5,-2.603118436142007,-4.040999999999997,2.5,3.1371783417195047,-1.193,1-2,-6.541,5+,8,LOSS,WIN
2025_04_JAX_SF,2025,4,2.76,8.5,11.624350005899862,-6.780000000000001,-1.5,-1.0186760699367952,-5.74,5+,-5.28,5+,7,WIN,LOSS
2025_04_LAC_NYG,2025,4,-2.433,-9.0,-12.874538625842895,3.740000000000002,4.5,2.8451155155753582,6.567,5+,-0.76,0-1,8,WIN,WIN
2025_04_MIN_PIT,2025,4,3.0439999999999996,-5.5,-4.932606235766077,-10.338999999999999,-3.5,-0.9605541164974767,8.544,5+,-6.839,5+,10,WIN,LOSS
2025_04_NO_BUF,2025,4,-6.154,3.5,4.255884332829144,-5.558,-1.5,-0.3308195814517205,-9.654,5+,-4.058,3-5,10,WIN,LOSS
2025_04_NYJ_MIA,2025,4,0.6239999999999997,-3.5,-2.094424215202552,-9.037999999999997,-3.5,-2.3799591236391393,4.124,3-5,-5.538,5+,7,WIN,LOSS
2025_04_PHI_TB,2025,4,8.84,2.5,4.915617246695142,-9.935000000000002,-11.5,-4.63577207142842,6.34,5+,1.565,1-2,8,LOSS,WIN
2025_04_SEA_ARI,2025,4,6.589,1.5,1.2578989200480233,-1.3999999999999986,0.5,3.9641461813141134,5.089,5+,-1.9,1-2,6,LOSS,WIN
2025_04_TEN_HOU,2025,4,-22.802,-18.5,-16.825669011667905,12.718000000000004,13.5,16.989707084312116,-4.302,3-5,-0.782,0-1,6,LOSS,WIN
2025_04_WAS_ATL,2025,4,-4.668,-4.5,-11.335734174567328,-18.961,-17.5,-11.428748717825407,-0.168,0-1,-1.461,1-2,1,LOSS,LOSS
2025_05_DAL_NYJ,2025,5,14.925,16.5,14.719072401933085,-17.302999999999997,-10.5,-9.470159928689569,-1.575,1-2,-6.803,5+,8,WIN,LOSS
2025_05_DEN_PHI,2025,5,6.083,7.5,7.552461564403894,8.942999999999998,6.5,8.646281583899508,-1.417,1-2,2.443,2-3,2,WIN,LOSS
2025_05_DET_CIN,2025,5,10.346,2.5,1.3732053368505905,-15.765,-11.5,-2.6421501062547037,7.846,5+,-4.265,3-5,9,LOSS,LOSS
2025_05_HOU_BAL,2025,5,33.462,31.5,45.39233841634108,-13.597000000000001,-12.5,-5.738346598480462,1.962,1-2,-1.097,1-2,2,LOSS,LOSS
2025_05_KC_JAX,2025,5,-4.29,-6.5,-9.258116076450957,-15.158000000000001,-13.5,-15.308907487706875,2.21,2-3,-1.658,1-2,2,WIN,LOSS
2025_05_LV_IND,2025,5,-31.664,-27.0,-28.95107663875221,-3.6229999999999976,0.5,4.088055440742522,-4.664,3-5,-4.123,3-5,6,LOSS,WIN
2025_05_MIA_CAR,2025,5,-3.045,-4.5,-8.708201615175964,-10.191000000000003,-6.5,-2.3051705959605044,1.455,1-2,-3.691,3-5,5,WIN,LOSS
2025_05_MIN_CLE,2025,5,7.872,0.5,-3.201523444004044,0.17300000000000182,-2.5,6.300516820037501,7.372,5+,2.673,2-3,9,LOSS,WIN
2025_05_NE_BUF,2025,5,6.817,10.5,17.264577609950518,4.893000000000001,6.5,5.2826203384513875,-3.683,3-5,-1.607,1-2,5,WIN,WIN
2025_05_NYG_NO,2025,5,-11.026,-10.5,-9.074717414679789,-1.4010000000000034,1.5,0.29774998952625253,-0.526,0-1,-2.901,2-3,3,LOSS,WIN
2025_05_SF_LA,2025,5,5.856,11.5,5.916196731638792,-3.3729999999999976,-5.5,-2.3096475057643886,-5.644,5+,2.127,2-3,7,WIN,WIN
2025_05_TB_SEA,2025,5,3.474,6.5,4.20969476857767,-32.116,-28.5,-23.78772079144987,-3.026,3-5,-3.616,3-5,4,WIN,LOSS
2025_05_TEN_ARI,2025,5,6.844,8.5,12.576873122188415,-2.7929999999999993,-1.5,2.6795429458864533,-1.656,1-2,-1.293,1-2,1,WIN,LOSS
2025_05_WAS_LAC,2025,5,21.389,19.5,21.02666318587051,6.4879999999999995,10.5,12.86042060482265,1.889,1-2,-4.012,3-5,5,LOSS,WIN
2025_06_ARI_IND,2025,6,-1.392,4.5,-0.6851891627843063,-13.531999999999996,-11.5,-6.903421020238348,-5.892,5+,-2.032,2-3,8,WIN,LOSS
2025_06_BUF_ATL,2025,6,-12.145,-13.5,-19.393607723495542,8.817,11.5,13.380462038306653,1.355,1-2,-2.683,2-3,3,WIN,WIN
2025_06_CHI_WAS,2025,6,1.302,6.5,7.602274752089577,-4.643000000000001,0.5,-2.102555127091591,-5.198,5+,-5.143,5+,7,WIN,WIN
2025_06_CIN_GB,2025,6,-1.6429999999999998,5.0,0.5723077992852961,-3.432000000000002,-0.5,6.990059428097439,-6.643,5+,-2.932,2-3,8,WIN,LOSS
2025_06_CLE_PIT,2025,6,-8.972000000000001,-8.5,-6.417943004972705,5.524000000000001,5.5,8.772979869507566,-0.472,0-1,0.024,0-1,1,LOSS,LOSS
2025_06_DAL_CAR,2025,6,-2.658,-6.0,-8.521984881608311,-13.005000000000003,-9.5,-4.113193001957072,3.342,3-5,-3.505,3-5,4,WIN,LOSS
2025_06_DEN_NYJ,2025,6,0.8440000000000001,-5.5,-6.872678332854139,18.406,19.5,18.21950482410915,6.344,5+,-1.094,1-2,8,WIN,WIN
2025_06_DET_KC,2025,6,-12.605,-10.5,-18.910148190385446,1.3130000000000024,4.5,6.19896609614085,-2.105,2-3,-3.187,3-5,4,LOSS,WIN
2025_06_LAC_MIA,2025,6,1.8599999999999999,-1.5,-0.3671800864131889,-14.363,-10.5,-8.72947454882398,3.36,3-5,-3.863,3-5,5,WIN,LOSS
2025_06_LA_BAL,2025,6,11.981,7.0,20.46040298118493,21.884999999999998,23.5,31.176731182374894,4.981,3-5,-1.615,1-2,6,LOSS,WIN
2025_06_NE_NO,2025,6,6.335,2.5,5.749617327696567,-2.0180000000000007,2.5,-3.1676931911104305,3.835,3-5,-4.518,3-5,6,LOSS,WIN
2025_06_PHI_NYG,2025,6,-16.746,-24.0,-29.01155440291527,-5.9410000000000025,-10.5,-6.33842424636741,7.254,5+,4.559,3-5,9,WIN,WIN
2025_06_SEA_JAX,2025,6,9.204,6.5,4.251179591907976,8.856000000000002,15.5,14.426769376648679,2.704,2-3,-6.644,5+,8,LOSS,WIN
2025_06_SF_TB,2025,6,-3.6470000000000002,-7.5,-6.449573788290637,-5.313000000000002,-2.5,1.7219513468753362,3.853,3-5,-2.813,2-3,5,WIN,LOSS
2025_06_TEN_LV,2025,6,-5.111,-6.5,-5.6758728707659625,10.564,11.5,13.841335489042791,1.389,1-2,-0.936,0-1,1,WIN,WIN
2025_07_ATL_SF,2025,7,-11.097,-8.5,-5.559504759485042,13.018,16.5,17.022435018558063,-2.597,2-3,-3.482,3-5,4,LOSS,WIN
2025_07_CAR_NYJ,2025,7,8.573,8.5,11.860372945621075,22.063000000000002,20.5,25.25961858382975,0.073,0-1,1.563,1-2,1,LOSS,LOSS
2025_07_GB_ARI,2025,7,2.8449999999999998,-3.0,-1.5997170323214185,-1.5870000000000033,-5.5,-3.1899121718734733,5.845,5+,3.913,3-5,8,WIN,WIN
2025_07_HOU_SEA,2025,7,-4.427,-5.0,-6.026972381647986,-3.5660000000000025,-4.5,-2.460032739929275,0.573,0-1,0.934,0-1,1,WIN,WIN
2025_07_IND_LAC,2025,7,15.458,16.5,16.895135805638894,-18.735999999999997,-13.5,-12.766092548446181,-1.042,1-2,-5.236,5+,6,WIN,LOSS
2025_07_LA_JAX,2025,7,28.123,25.0,24.150696228503122,2.246000000000002,2.5,0.9618716117055683,3.123,3-5,-0.254,0-1,4,LOSS,WIN
2025_07_LV_KC,2025,7,-24.406,-17.5,-17.646784506191622,15.085999999999999,13.5,12.581596667842724,-6.906,5+,1.586,1-2,9,LOSS,LOSS
2025_07_MIA_CLE,2025,7,-24.921,-22.5,-27.055455556446603,1.4069999999999965,-2.5,7.310913117122922,-2.421,2-3,3.907,3-5,5,LOSS,WIN
2025_07_NE_TEN,2025,7,14.596,11.5,12.225706484567498,-1.7760000000000034,-3.5,-4.04143214625924,3.096,3-5,1.724,1-2,4,LOSS,WIN
2025_07_NO_CHI,2025,7,-9.212,-7.5,-8.028622458483479,2.942,3.5,1.5735597935555887,-1.712,1-2,-0.558,0-1,1,LOSS,WIN
2025_07_NYG_DEN,2025,7,1.311,6.5,10.82843771405887,-22.843000000000004,-25.5,-26.895810155985096,-5.189,5+,2.657,2-3,7,WIN,WIN
2025_07_PHI_MIN,2025,7,4.966,3.5,6.2618915169939555,-5.829999999999998,-6.5,-1.3309756032334406,1.466,1-2,0.67,0-1,1,LOSS,WIN
2025_07_PIT_CIN,2025,7,-5.881,-7.5,-2.8786993411210045,-26.595999999999997,-18.5,-16.888027272096338,1.619,1-2,-8.096,5+,9,WIN,LOSS
2025_07_TB_DET,2025,7,-10.429,-9.0,-7.290058711145619,15.030000000000001,21.5,23.810788798956644,-1.429,1-2,-6.47,5+,8,LOSS,WIN
2025_07_WAS_DAL,2025,7,-21.573,-20.5,-23.787914796719342,-20.718000000000004,-11.5,-11.03083541415291,-1.073,1-2,-9.218,5+,10,LOSS,LOSS
2025_08_BUF_CAR,2025,8,26.646,24.0,19.0105333563478,-2.2879999999999967,-1.5,1.23398019025732,2.646,2-3,-0.788,0-1,3,LOSS,LOSS
2025_08_CHI_BAL,2025,8,-11.113,-11.5,-5.0046854228381115,3.131999999999998,-0.5,1.5534027808862447,0.387,0-1,3.632,3-5,4,WIN,WIN
2025_08_CLE_NE,2025,8,-13.786,-12.0,-15.060033233952836,-1.4309999999999974,-4.5,-6.171457924962567,-1.786,1-2,3.069,3-5,3,LOSS,WIN
2025_08_DAL_DEN,2025,8,-16.237000000000002,-16.5,-13.824586664995639,-23.57,-16.5,-18.332391122062745,0.263,0-1,-7.07,5+,9,WIN,LOSS
2025_08_GB_PIT,2025,8,9.671,7.0,6.4976577056708225,-15.487000000000002,-13.5,-16.03988178057675,2.671,2-3,-1.987,1-2,3,LOSS,LOSS
2025_08_MIA_ATL,2025,8,25.93,31.0,26.679115873963543,-2.4510000000000005,0.5,3.2793892364902035,-5.07,5+,-2.951,2-3,6,WIN,WIN
2025_08_MIN_LAC,2025,8,-21.669,-24.0,-27.318750338742586,-4.335000000000001,-1.5,-0.9310475007797834,2.331,2-3,-2.835,2-3,3,WIN,LOSS
2025_08_NYG_PHI,2025,8,-15.044,-11.0,-6.856773172272934,-10.932000000000002,-14.5,-12.36019539716893,-4.044,3-5,3.568,3-5,5,LOSS,WIN
2025_08_NYJ_CIN,2025,8,2.317,6.5,6.505974534638703,-35.446,-33.5,-29.078483688602205,-4.183,3-5,-1.946,1-2,5,WIN,LOSS
2025_08_SF_HOU,2025,8,-8.986,-8.5,-8.137739002440815,5.795000000000002,0.5,3.2065522219052838,-0.486,0-1,5.295,5+,7,LOSS,LOSS
2025_08_TB_NO,2025,8,21.685,15.5,12.25136021392861,20.281999999999996,20.5,21.337551171834605,6.185,5+,-0.218,0-1,8,LOSS,WIN
2025_08_TEN_IND,2025,8,-17.271,-8.5,-10.1569857654362,-9.469000000000001,-4.5,-3.0797943889046024,-8.771,5+,-4.969,3-5,10,LOSS,LOSS
2025_08_WAS_KC,2025,8,-15.416,-10.5,-12.973355615431768,12.588000000000001,13.5,13.582957834098202,-4.916,3-5,-0.912,0-1,6,LOSS,WIN
2025_09_ARI_DAL,2025,9,9.922,13.5,11.371263033782046,2.347999999999999,9.5,10.32902696451248,-3.578,3-5,-7.152,5+,9,WIN,WIN
2025_09_ATL_NE,2025,9,4.987,4.5,4.435649249989639,-0.6670000000000016,-1.5,-4.816456845586529,0.487,0-1,0.833,0-1,1,LOSS,WIN
2025_09_BAL_MIA,2025,9,25.303,14.5,16.151068815305575,7.503999999999998,17.5,17.8808646965077,10.803,5+,-9.996,5+,10,LOSS,WIN
2025_09_CAR_GB,2025,9,11.381,15.5,19.0893421374647,17.275,14.5,17.99268024973292,-4.119,3-5,2.775,2-3,5,WIN,LOSS
2025_09_CHI_CIN,2025,9,3.565,2.0,7.107916377325303,-44.64,-37.5,-39.42729473294092,1.565,1-2,-7.14,5+,9,LOSS,LOSS
2025_09_DEN_HOU,2025,9,3.6310000000000002,4.5,1.9266764712607038,10.524000000000001,7.5,8.720328725540696,-0.869,0-1,3.024,3-5,3,WIN,LOSS
2025_09_IND_PIT,2025,9,-5.693,-10.5,-7.5112279504747885,-3.4919999999999973,4.5,1.9457073360711092,4.807,3-5,-7.992,5+,9,WIN,WIN
2025_09_JAX_LV,2025,9,2.928,-1.5,-0.570413939496726,-18.083,-15.5,-15.687938912417906,4.428,3-5,-2.583,2-3,6,WIN,LOSS
2025_09_KC_BUF,2025,9,-5.588,-9.5,-5.169664128222936,2.607999999999997,4.5,-0.1306884462333997,3.912,3-5,-1.892,1-2,5,WIN,WIN
2025_09_LAC_TEN,2025,9,3.737,-3.0,-5.297705232241256,-4.408000000000001,-2.5,-2.652170417769568,6.737,5+,-1.908,1-2,8,WIN,LOSS
2025_09_MIN_DET,2025,9,12.429,12.5,14.730745807404727,-5.798000000000002,-3.5,2.4703663160089206,-0.071,0-1,-2.298,2-3,2,WIN,LOSS
2025_09_NO_LA,2025,9,-22.948,-10.0,-11.504003886591567,1.0219999999999985,0.5,-1.7146505103936391,-12.948,5+,0.522,0-1,10,LOSS,LOSS
2025_09_SEA_WAS,2025,9,23.328,21.5,21.103948825845382,-8.441000000000003,-4.5,-1.7127994517763625,1.828,1-2,-3.941,3-5,5,LOSS,LOSS
2025_09_SF_NYG,2025,9,11.133,7.5,6.3484613959621115,-7.658000000000001,-10.5,-13.910628003172974,3.633,3-5,2.842,2-3,5,LOSS,WIN
2025_10_ARI_SEA,2025,10,-20.421,-15.0,-15.069245324211739,-21.286,-21.5,-18.598140612796357,-5.421,5+,0.214,0-1,7,LOSS,WIN
2025_10_ATL_IND,2025,10,-1.218,0.5,1.6197830226433911,-10.582,-7.5,-5.547695936654492,-1.718,1-2,-3.082,3-5,3,WIN,LOSS
2025_10_BAL_MIN,2025,10,10.686,3.5,4.927504313690683,-6.944000000000003,2.5,4.26747531467656,7.186,5+,-9.444,5+,10,LOSS,WIN
2025_10_BUF_MIA,2025,10,-20.223,-25.5,-26.360312180455523,4.084000000000003,7.5,9.117170340650667,5.277,5+,-3.416,3-5,7,WIN,WIN
2025_10_CLE_NYJ,2025,10,-6.482,-8.5,-5.297982939123674,-6.375999999999998,-9.5,-6.24261724324991,2.018,2-3,3.124,3-5,3,WIN,WIN
2025_10_DET_WAS,2025,10,16.214,13.5,11.57718755527271,-16.582,-16.5,-9.650832451406856,2.714,2-3,-0.082,0-1,3,LOSS,LOSS
2025_10_JAX_HOU,2025,10,-2.3529999999999998,-8.5,1.4272841573276231,-23.351,-27.5,-22.34831808610494,6.147,5+,4.149,3-5,8,WIN,WIN
2025_10_LA_SF,2025,10,17.427,10.5,13.231269610922595,-16.917,-18.5,-21.87216579056146,6.927,5+,1.583,1-2,9,LOSS,WIN
2025_10_LV_DEN,2025,10,3.409,6.5,11.447335754692965,27.619999999999997,25.5,26.47745374277389,-3.091,3-5,2.12,2-3,4,WIN,LOSS
2025_10_NE_TB,2025,10,6.525,7.5,12.460028934816844,-3.6270000000000024,-2.5,-5.00044690813629,-0.975,0-1,-1.127,1-2,1,WIN,LOSS
2025_10_NO_CAR,2025,10,7.474,15.5,11.705320870689086,19.481,14.5,19.798848047760977,-8.026,5+,4.981,3-5,9,WIN,LOSS
2025_10_NYG_CHI,2025,10,-0.984,0.5,1.069959495619881,-0.767000000000003,1.5,-0.2974904577597286,-1.484,1-2,-2.267,2-3,2,WIN,WIN
2025_10_PHI_GB,2025,10,6.9670000000000005,4.5,3.9198435553483195,33.893,28.5,33.19108325148922,2.467,2-3,5.393,5+,7,LOSS,LOSS
2025_10_PIT_LAC,2025,10,-12.833,-12.0,-11.907069858231,8.225999999999999,10.5,9.698135722153076,-0.833,0-1,-2.274,2-3,2,LOSS,WIN
2025_11_BAL_CLE,2025,11,4.109999999999999,-0.5,-3.414698355245333,5.725999999999999,-1.5,7.308973171034694,4.61,3-5,7.226,5+,9,WIN,WIN
2025_11_CAR_ATL,2025,11,6.170999999999999,7.5,8.250843966580259,-14.0,-14.5,-12.67247559320576,-1.329,1-2,0.5,0-1,1,WIN,WIN
2025_11_CHI_MIN,2025,11,-0.4169999999999998,5.0,7.1504924911156404,6.704999999999998,11.5,9.689667219533902,-5.417,5+,-4.795,3-5,7,WIN,WIN
2025_11_CIN_PIT,2025,11,-16.261,-16.5,-18.398706138819822,-5.393000000000001,2.5,5.209574053521095,0.239,0-1,-7.893,5+,9,WIN,WIN
2025_11_DAL_LV,2025,11,17.25,13.5,13.613716738643651,-4.871000000000002,-0.5,1.5916995617072516,3.75,3-5,-4.371,3-5,5,LOSS,LOSS
2025_11_DET_PHI,2025,11,-9.556000000000001,-4.5,-10.45741128148724,26.771,21.5,29.996626246618234,-5.056,5+,5.271,5+,7,LOSS,LOSS
2025_11_GB_NYG,2025,11,3.464,-0.5,-1.4827636878954724,-1.1330000000000027,-5.5,-3.8693281558423607,3.964,3-5,4.367,3-5,5,WIN,WIN
2025_11_HOU_TEN,2025,11,0.12400000000000011,-2.5,-8.413321486216484,10.969000000000001,8.5,12.837650430733476,2.624,2-3,2.469,2-3,3,WIN,LOSS
2025_11_KC_DEN,2025,11,-3.394,-6.5,-3.974201589576654,4.850999999999999,3.5,-0.107547961077195,3.106,3-5,1.351,1-2,4,WIN,LOSS
2025_11_LAC_JAX,2025,11,-31.632,-32.0,-34.61137882349346,1.9320000000000022,2.5,4.4073272722130525,0.368,0-1,-0.568,0-1,1,WIN,WIN
2025_11_NYJ_NE,2025,11,-5.724,-0.5,-7.027030185944564,4.643999999999998,2.5,0.5794426593407067,-5.224,5+,2.144,2-3,7,LOSS,LOSS
2025_11_SEA_LA,2025,11,0.9180000000000001,1.0,-0.377592775912893,6.369,9.5,6.303254211905973,-0.082,0-1,-3.131,3-5,4,WIN,WIN
2025_11_SF_ARI,2025,11,19.546,15.5,19.41663164647445,-13.481000000000002,-14.5,-14.531935287634916,4.046,3-5,1.019,1-2,5,LOSS,WIN
2025_11_TB_BUF,2025,11,-7.733,-6.0,-8.011217497411291,-26.991,-29.5,-23.830422507453946,-1.733,1-2,2.509,2-3,2,LOSS,WIN
2025_11_WAS_MIA,2025,11,-0.8359999999999999,-0.5,-0.0030733692673212687,13.729,18.5,21.633273400713556,-0.336,0-1,-4.771,3-5,6,LOSS,WIN
2025_12_ATL_NO,2025,12,19.133,15.5,14.181831733747954,11.433,7.5,8.81485996682133,3.633,3-5,3.933,3-5,5,LOSS,LOSS
2025_12_BUF_HOU,2025,12,-7.684,-9.5,-7.303256656403336,4.207999999999998,1.5,6.214628576132853,1.816,1-2,2.708,2-3,3,WIN,LOSS
2025_12_CAR_SF,2025,12,-4.202,-3.5,-1.1359451100232079,20.807000000000002,19.5,17.792725350896703,-0.702,0-1,1.307,1-2,1,LOSS,LOSS
2025_12_CLE_LV,2025,12,15.398,17.0,13.04352973891845,6.277000000000001,1.5,6.393958272762582,-1.602,1-2,4.777,3-5,6,WIN,LOSS
2025_12_IND_KC,2025,12,0.5169999999999999,0.5,3.4161322579229534,5.759999999999998,7.5,5.588117371270457,0.017,0-1,-1.74,1-2,1,LOSS,WIN
2025_12_JAX_ARI,2025,12,7.885,0.5,3.957006021810887,-9.171,-3.5,-3.782874426780211,7.385,5+,-5.671,5+,9,LOSS,LOSS
2025_12_MIN_GB,2025,12,-9.686,-10.5,-11.790191192200155,15.975000000000001,12.5,16.094621872249434,0.814,0-1,3.475,3-5,4,WIN,LOSS
2025_12_NE_CIN,2025,12,2.666,-1.5,3.5881717144013665,1.9500000000000028,4.5,3.975772318225502,4.166,3-5,-2.55,2-3,5,WIN,WIN
2025_12_NYG_DET,2025,12,0.3979999999999997,7.0,9.873799703219795,-12.930999999999997,-10.5,-11.663934455004053,-6.602,5+,-2.431,2-3,8,WIN,LOSS
2025_12_NYJ_BAL,2025,12,-5.323,1.0,-0.06125491872161959,14.048000000000002,11.5,13.60150733596791,-6.323,5+,2.548,2-3,8,WIN,LOSS
2025_12_PHI_DAL,2025,12,-2.841,-6.0,-8.750949814500974,2.570999999999998,2.5,7.920535319717715,3.159,3-5,0.071,0-1,4,WIN,LOSS
2025_12_PIT_CHI,2025,12,0.03100000000000014,0.0,-4.065862363769254,-16.262,-12.5,-17.278002114896026,0.031,0-1,-3.762,3-5,5,PUSH,LOSS
2025_12_SEA_TEN,2025,12,3.308,-6.5,-8.59875811259763,-13.421999999999997,-12.5,-9.428967519192085,9.808,5+,-0.922,0-1,10,WIN,LOSS
2025_12_TB_LA,2025,12,-24.216,-20.0,-22.80235317460609,5.664999999999999,8.5,6.725935838085718,-4.216,3-5,-2.835,2-3,5,LOSS,WIN
2025_13_ARI_TB,2025,13,-0.2410000000000001,1.5,3.3361939891524717,7.707999999999998,7.5,13.222837963228038,-1.741,1-2,0.208,0-1,1,WIN,LOSS
2025_13_ATL_NYJ,2025,13,-2.433,-6.0,-2.6555917189423788,-7.140999999999998,-12.5,-8.203999939975986,3.567,3-5,5.359,5+,7,WIN,WIN
2025_13_BUF_PIT,2025,13,18.128,16.0,15.058748151524636,13.75,11.5,15.548294515873565,2.128,2-3,2.25,2-3,2,LOSS,LOSS
2025_13_CHI_PHI,2025,13,10.19,16.0,17.683491963339726,11.313000000000002,4.5,6.696660489448931,-5.81,5+,6.813,5+,8,WIN,LOSS
2025_13_CIN_BAL,2025,13,26.723,25.0,29.901302359801775,1.365000000000002,6.5,9.082528073588094,1.723,1-2,-5.135,5+,6,LOSS,WIN
2025_13_DEN_WAS,2025,13,0.20399999999999996,-5.5,-5.1457475937607535,-8.225999999999999,-9.5,-7.446858568677563,5.704,5+,1.274,1-2,7,WIN,WIN
2025_13_GB_DET,2025,13,10.857,9.5,12.535635886548437,-1.1090000000000018,-6.5,-4.359227256808005,1.357,1-2,5.391,5+,7,LOSS,WIN
2025_13_HOU_IND,2025,13,9.047,7.0,5.1064371552085035,7.142000000000003,8.5,11.211002796282934,2.047,2-3,-1.358,1-2,2,LOSS,WIN
2025_13_JAX_TEN,2025,13,22.203,16.0,15.547255889636684,9.868000000000002,14.5,15.585976707343413,6.203,5+,-4.632,3-5,8,LOSS,WIN
2025_13_KC_DAL,2025,13,-5.106,-6.5,-8.373025408761308,-9.847999999999999,-5.5,-9.333838364926393,1.394,1-2,-4.348,3-5,5,WIN,LOSS
2025_13_LA_CAR,2025,13,-6.166,-13.0,-16.111302190388535,-12.500999999999998,-14.5,-16.538988393821292,6.834,5+,1.999,1-2,9,WIN,WIN
2025_13_LV_LAC,2025,13,-11.187000000000001,-7.0,-5.980683005458676,1.6739999999999995,-4.5,-2.2641457294555067,-4.187,3-5,6.174,5+,8,LOSS,WIN
2025_13_MIN_SEA,2025,13,-21.642,-13.5,-19.42002871264466,14.811,16.5,20.25469122893321,-8.142,5+,-1.689,1-2,9,LOSS,WIN
2025_13_NO_MIA,2025,13,-4.027,1.5,3.6956588664410726,5.973999999999997,3.5,3.795483267630182,-5.527,5+,2.474,2-3,7,WIN,LOSS
2025_13_NYG_NE,2025,13,-13.628,-11.0,-11.224733695733455,0.4859999999999971,-1.5,-7.473805705110671,-2.628,2-3,1.986,1-2,3,LOSS,WIN
2025_13_SF_CLE,2025,13,15.276,12.5,14.286338787509306,12.240000000000002,1.5,8.976036526023321,2.776,2-3,10.74,5+,10,LOSS,LOSS
2025_14_CHI_GB,2025,14,-1.7960000000000003,-0.5,1.0382080039270267,0.6310000000000002,-4.5,-5.5066513049605135,-1.296,1-2,5.131,5+,6,LOSS,WIN
2025_14_CIN_BUF,2025,14,3.2590000000000003,1.0,5.578561591955191,-24.152,-18.5,-16.545024714834582,2.259,2-3,-5.652,5+,7,LOSS,LOSS
2025_14_DAL_DET,2025,14,-7.688,-10.5,-4.0007740734521136,-24.104999999999997,-18.5,-16.003277903391428,2.812,2-3,-5.605,5+,7,WIN,LOSS
2025_14_DEN_LV,2025,14,5.122,-1.5,-4.804497032707264,3.8740000000000023,-0.5,-0.12634412119280114,6.622,5+,4.374,3-5,8,WIN,WIN
2025_14_HOU_KC,2025,14,18.576999999999998,14.5,15.122307152943437,15.845999999999997,11.5,10.302760989888057,4.077,3-5,4.346,3-5,5,LOSS,LOSS
2025_14_IND_JAX,2025,14,-20.041,-19.5,-17.746585095285962,-11.560000000000002,-10.5,-5.820945372927895,-0.541,0-1,-1.06,1-2,1,LOSS,LOSS
2025_14_LA_ARI,2025,14,29.274,18.5,20.56594052442499,-14.284999999999997,-12.5,-15.692516303019652,10.774,5+,-1.785,1-2,10,LOSS,LOSS
2025_14_MIA_NYJ,2025,14,22.958,21.5,22.483387094305755,-2.229999999999997,-2.5,-0.6474738065883088,1.458,1-2,0.27,0-1,1,LOSS,WIN
2025_14_NO_TB,2025,14,7.998,11.5,14.220195662551584,-0.7100000000000009,-2.5,0.32042820246884673,-3.502,3-5,1.79,1-2,4,WIN,WIN
2025_14_PHI_LAC,2025,14,0.391,-4.5,-5.028545579454912,8.398000000000003,0.5,4.5957627344504886,4.891,3-5,7.898,5+,9,WIN,LOSS
2025_14_PIT_BAL,2025,14,9.142,10.5,11.414460569245922,-4.243000000000002,-5.5,-3.6812959513953984,-1.358,1-2,1.257,1-2,1,WIN,WIN
2025_14_SEA_ATL,2025,14,27.516,21.0,19.18023874595228,-2.0549999999999997,-1.5,0.42442596156972456,6.516,5+,-0.555,0-1,8,LOSS,LOSS
2025_14_TEN_CLE,2025,14,6.626,6.5,9.262210039622818,-23.021,-26.5,-20.72674966754144,0.126,0-1,3.479,3-5,4,LOSS,WIN
2025_14_WAS_MIN,2025,14,-29.153,-32.5,-27.868427127341494,10.514000000000003,12.5,16.74544038197216,3.347,3-5,-1.986,1-2,4,WIN,WIN
2025_15_ARI_HOU,2025,15,-18.925,-9.5,-10.745155346160486,-16.54,-17.5,-16.1481534662516,-9.425,5+,0.96,0-1,10,LOSS,WIN
2025_15_ATL_TB,2025,15,4.923,7.0,8.413623359383273,-12.685000000000002,-13.5,-9.160913827500117,-2.077,2-3,0.815,0-1,2,WIN,WIN
2025_15_BAL_CIN,2025,15,19.4,21.5,20.290413387450528,22.524,27.5,31.49425573491908,-2.1,2-3,-4.976,3-5,6,WIN,WIN
2025_15_BUF_NE,2025,15,4.101,1.5,0.24835855682826669,-13.244999999999997,-16.5,-18.086598964411323,2.601,2-3,3.255,3-5,4,LOSS,WIN
2025_15_CAR_NO,2025,15,-0.22100000000000009,-5.5,-1.530620743860062,5.148000000000003,4.5,4.177499589733543,5.279,5+,0.648,0-1,7,WIN,LOSS
2025_15_CLE_CHI,2025,15,-26.811,-20.5,-20.722020971876614,11.168999999999997,4.5,7.800976375324026,-6.311,5+,6.669,5+,8,LOSS,LOSS
2025_15_DET_LA,2025,15,-8.576,-1.5,-6.661314233791306,-23.6,-20.5,-22.48407358553237,-7.076,5+,-3.1,3-5,9,LOSS,LOSS
2025_15_GB_DEN,2025,15,-8.771,-9.5,-8.319233114690782,-10.225000000000001,-17.5,-17.52678088097479,0.729,0-1,7.275,5+,9,WIN,WIN
2025_15_IND_SEA,2025,15,2.303,11.5,6.933564135486662,7.167000000000002,7.5,17.273896845588816,-9.197,5+,-0.333,0-1,10,WIN,WIN
2025_15_LAC_KC,2025,15,4.941,8.5,8.28361954804208,19.665,12.5,14.129182795531747,-3.559,3-5,7.165,5+,9,WIN,LOSS
2025_15_LV_PHI,2025,15,-25.766,-18.5,-16.613796405084674,16.523000000000003,6.5,12.86112051927136,-7.266,5+,10.023,5+,10,LOSS,LOSS
2025_15_MIA_PIT,2025,15,-9.108,-10.0,-10.580043593475239,-2.543999999999997,-0.5,0.6854503671057017,0.892,0-1,-2.044,2-3,2,WIN,LOSS
2025_15_MIN_DAL,2025,15,11.715,13.5,8.774931078431086,-16.787999999999997,-12.5,-9.186660589813087,-1.785,1-2,-4.288,3-5,5,WIN,LOSS
2025_15_NYJ_JAX,2025,15,-23.322,-14.5,-19.734831439241088,-24.374000000000002,-27.5,-24.81723807116741,-8.822,5+,3.126,3-5,10,LOSS,WIN
2025_15_TEN_SF,2025,15,-4.106,-0.5,1.151051641914238,-13.25,-16.5,-15.546746036488912,-3.606,3-5,3.25,3-5,5,LOSS,WIN
2025_15_WAS_NYG,2025,15,11.655,10.5,8.803678619568013,-6.012999999999998,-3.5,-2.5811201950718186,1.155,1-2,-2.513,2-3,2,LOSS,LOSS
2025_16_ATL_ARI,2025,16,8.846,4.5,8.333340556938508,-0.012999999999998124,3.5,4.133237107600301,4.346,3-5,-3.513,3-5,6,LOSS,WIN
2025_16_BUF_CLE,2025,16,-1.1639999999999997,-7.5,-9.398907430943492,3.368000000000002,-1.5,5.300793510383102,6.336,5+,4.868,3-5,8,WIN,WIN
2025_16_CIN_MIA,2025,16,29.011,20.5,27.470223547389153,-23.770000000000003,-17.5,-13.626392295797402,8.511,5+,-6.27,5+,9,LOSS,LOSS
2025_16_GB_CHI,2025,16,-6.768,-4.5,-8.775559447789632,11.191000000000003,7.5,7.270673251167381,-2.268,2-3,3.691,3-5,5,LOSS,LOSS
2025_16_JAX_DEN,2025,16,19.216,17.5,18.71272396559101,-6.976999999999997,-7.5,-9.092280623426888,1.716,1-2,0.523,0-1,1,LOSS,WIN
2025_16_KC_TEN,2025,16,-21.755,-20.5,-30.061932054350116,9.820999999999998,2.5,7.669465687605566,-1.255,1-2,7.321,5+,9,LOSS,LOSS
2025_16_LAC_DAL,2025,16,16.326,18.5,15.973181301865921,-4.011000000000003,-0.5,1.7447703803845513,-2.174,2-3,-3.511,3-5,4,WIN,LOSS
2025_16_LA_SEA,2025,16,0.2729999999999999,0.5,-0.17676771953066073,-29.421999999999997,-32.5,-28.05333647297752,-0.227,0-1,3.078,3-5,3,WIN,WIN
2025_16_LV_HOU,2025,16,-0.004999999999999893,12.5,13.516913129601775,-2.2659999999999982,-4.5,-3.3485575541796635,-12.505,5+,2.234,2-3,10,WIN,WIN
2025_16_MIN_NYG,2025,16,9.029,0.5,-2.7333994100148296,14.841999999999999,12.5,14.57863362487116,8.529,5+,2.342,2-3,10,LOSS,LOSS
2025_16_NE_BAL,2025,16,6.265000000000001,7.5,9.462899647098313,-0.8400000000000034,-3.5,-6.565732169720761,-1.235,1-2,2.66,2-3,3,WIN,WIN
2025_16_NYJ_NO,2025,16,-18.445999999999998,-16.5,-19.850623037012184,7.493000000000002,4.5,6.212272579157414,-1.946,1-2,2.993,2-3,3,LOSS,LOSS
2025_16_PHI_WAS,2025,16,9.455,4.0,3.470095304758333,0.240000000000002,-3.5,1.8066274673922962,5.455,5+,3.74,3-5,7,LOSS,WIN
2025_16_PIT_DET,2025,16,11.033999999999999,12.5,13.732578695212176,-6.832000000000001,-0.5,-1.485619652220592,-1.466,1-2,-6.332,5+,8,WIN,LOSS
2025_16_SF_IND,2025,16,17.389,16.5,21.519349171149795,-24.789,-28.5,-23.168321488341967,0.889,0-1,3.711,3-5,5,LOSS,WIN
2025_16_TB_CAR,2025,16,-4.3100000000000005,-6.0,-7.993554312550807,0.472999999999999,1.5,4.569618040948953,1.69,1-2,-1.027,1-2,1,WIN,WIN
2025_17_ARI_CIN,2025,17,-20.038,-16.0,-17.156536999651017,-1.9870000000000019,1.5,4.408389087466979,-4.038,3-5,-3.487,3-5,5,LOSS,WIN
2025_17_BAL_GB,2025,17,18.698,19.5,19.194199292729643,-14.359000000000002,-26.5,-17.718332830413743,-0.802,0-1,12.141,5+,10,WIN,WIN
2025_17_CHI_SF,2025,17,0.21199999999999974,-0.5,-0.9384535085589936,-25.668999999999997,-28.5,-32.28790647319872,0.712,0-1,2.831,2-3,3,WIN,WIN
2025_17_DAL_WAS,2025,17,8.356,-1.5,6.385910742537948,-6.075000000000003,-2.5,3.540986012703371,9.856,5+,-3.575,3-5,10,WIN,LOSS
2025_17_DEN_KC,2025,17,9.835,-6.5,7.57819212152933,16.32,4.5,8.842609924479675,16.335,5+,11.82,5+,10,WIN,LOSS
2025_17_DET_MIN,2025,17,-18.23,-20.0,-17.655955035695463,13.256,12.5,19.107573726208955,1.77,1-2,0.756,0-1,2,WIN,LOSS
2025_17_HOU_LAC,2025,17,8.1,5.5,5.1496439861864145,10.991999999999997,4.5,6.177028277780309,2.6,2-3,6.492,5+,8,LOSS,LOSS
2025_17_JAX_IND,2025,17,6.854,2.5,4.1523619042665985,3.790999999999997,8.5,12.26227998852098,4.354,3-5,-4.709,3-5,6,LOSS,WIN
2025_17_LA_ATL,2025,17,-2.784,-10.5,-13.659235785415135,-4.933,-2.5,-3.0137236940711887,7.716,5+,-2.433,2-3,9,WIN,LOSS
2025_17_NE_NYJ,2025,17,24.887999999999998,19.5,22.885889429173467,-9.729999999999997,-9.5,-8.677078812243103,5.388,5+,-0.23,0-1,7,LOSS,LOSS
2025_17_NO_TEN,2025,17,7.025,6.5,6.111737329538969,-19.403,-20.5,-18.679426663571917,0.525,0-1,1.097,1-2,1,LOSS,WIN
2025_17_NYG_LV,2025,17,22.956,21.0,22.625635560414317,1.4609999999999985,-3.5,-1.3704586530179412,1.956,1-2,4.961,3-5,6,LOSS,WIN
2025_17_PHI_BUF,2025,17,5.364,4.0,3.2273160703112707,28.185000000000002,20.5,26.839692597604994,1.364,1-2,7.685,5+,9,LOSS,LOSS
2025_17_PIT_CLE,2025,17,-9.172,-11.5,-14.077812922807516,19.255000000000003,16.5,21.51178974725876,2.328,2-3,2.755,2-3,3,WIN,LOSS
2025_17_SEA_CAR,2025,17,15.844,10.5,5.31876403480398,6.088000000000001,5.5,9.01348081737789,5.344,5+,0.588,0-1,7,LOSS,LOSS
2025_17_TB_MIA,2025,17,-2.45,-8.5,-3.706040385032594,5.822000000000003,7.5,11.94861535678156,6.05,5+,-1.678,1-2,8,WIN,WIN
2025_18_ARI_LA,2025,18,-13.001,-2.5,-1.8434459201960358,-9.719999999999999,-7.5,-7.3053514647294975,-10.501,5+,-2.22,2-3,10,LOSS,LOSS
2025_18_BAL_PIT,2025,18,2.556,-6.5,-4.936729433612079,-9.497999999999998,-8.5,-5.262792115220947,9.056,5+,-0.998,0-1,10,WIN,LOSS
2025_18_CAR_TB,2025,18,3.056,1.0,5.139219289154342,14.444000000000003,13.5,16.423938817233974,2.056,2-3,0.944,0-1,2,LOSS,LOSS
2025_18_CLE_CIN,2025,18,6.181,11.5,9.265291282128151,5.207999999999998,9.5,9.905832681363854,-5.319,5+,-4.292,3-5,7,WIN,WIN
2025_18_DAL_NYG,2025,18,-13.708,-20.0,-18.49607958881566,-3.979999999999997,-0.5,0.2694586793071778,6.292,5+,-3.48,3-5,8,WIN,LOSS
2025_18_DET_CHI,2025,18,1.27,6.5,-0.08719465281589667,17.866,16.5,17.825785790498642,-5.23,5+,1.366,1-2,7,WIN,LOSS
2025_18_GB_MIN,2025,18,-15.686,-0.5,-12.761599471845047,26.359,18.5,24.124928644666966,-15.186,5+,7.859,5+,10,LOSS,LOSS
2025_18_IND_HOU,2025,18,-2.327,1.5,-1.8135801746226212,-25.142000000000003,-30.5,-21.652668517306786,-3.827,3-5,5.358,5+,7,WIN,WIN
2025_18_KC_LV,2025,18,-4.936999999999999,-5.5,-12.781908871110048,22.575000000000003,10.5,13.969947984378848,0.563,0-1,12.075,5+,10,WIN,LOSS
2025_18_LAC_DEN,2025,18,-14.327,-1.5,-12.896416135885241,26.353,15.5,20.0197926354777,-12.827,5+,10.853,5+,10,LOSS,LOSS
2025_18_MIA_NE,2025,18,-23.903,-14.0,-20.57843964605858,-1.5799999999999983,-3.5,-4.326744118657359,-9.903,5+,1.92,1-2,10,LOSS,WIN
2025_18_NO_ATL,2025,18,-1.116,2.5,0.7073060754727751,8.283000000000001,7.5,6.19374675831849,-3.616,3-5,0.783,0-1,5,WIN,LOSS
2025_18_NYJ_BUF,2025,18,-13.812,-14.5,-9.010171565360732,1.7590000000000003,-3.5,5.284889039995214,0.688,0-1,5.259,5+,6,WIN,WIN
2025_18_SEA_SF,2025,18,14.937999999999999,7.5,7.350997641126127,36.43,31.5,34.4287900768393,7.438,5+,4.93,3-5,9,LOSS,LOSS
2025_18_TEN_JAX,2025,18,-30.716,-21.5,-20.637214634111547,-3.3019999999999996,-1.5,-3.2678376492392047,-9.216,5+,-1.802,1-2,10,LOSS,LOSS
2025_18_WAS_PHI,2025,18,11.241,10.0,18.685876827695452,7.889000000000003,-2.5,5.431237886929722,1.241,1-2,10.389,5+,10,LOSS,WIN
