group,label,games,over_wins,under_wins,pushes,under_accuracy,under_ci_low,under_ci_high,average_market_total,average_rsm_total,average_actual_total,average_total_gap,total_mae
period,2023-2025 regular saved artifacts,816,411,400,5,0.4932182490752158,0.45892275255668946,0.5275776888716097,44.056985294117645,44.59992408653266,45.12867647058823,-0.5429387924150121,10.91549685710374
period,2024-2025 playoffs,26,13,13,0,0.5,0.3206059352575905,0.6793940647424095,46.15384615384615,49.12815384615384,47.30769230769231,-2.9743076923076925,11.449615384615385
total_gap_bucket,+1.5 to +3.5,132,71,61,0,0.4621212121212121,0.3793453862161912,0.5470393855109762,45.97348484848485,43.534435326271705,47.583333333333336,2.439049522213146,10.126506167122388
total_gap_bucket,+3.5 to +5.5,87,48,39,0,0.4482758620689655,0.3481717712815222,0.5527545225402833,47.02298850574713,42.64260539549312,48.4367816091954,4.3803831102540025,11.350651360481304
total_gap_bucket,+5.5 or greater,54,31,23,0,0.42592592592592593,0.30331824019929265,0.5583726617400995,49.27777777777778,42.17152868722475,53.5,7.10624909055303,14.704545386849325
total_gap_bucket,0 to +1.5,100,44,55,1,0.5555555555555556,0.4574214280657185,0.6495393261489675,45.06,44.34358811465098,45.69,0.7164118853490193,9.73787554140503
total_gap_bucket,market below RSM,443,217,222,4,0.5056947608200456,0.4590796722628565,0.5522110501851167,42.04063205417607,45.6556762111956,42.60045146726862,-3.6150441570195233,10.869090175946402
season,2023,272,124,146,2,0.5407407407407407,0.48114336361874094,0.599195092416162,42.9485294117647,44.82066564195092,43.536764705882355,-1.8721362301862128,11.255104541899453
season,2024,272,145,124,3,0.46096654275092935,0.40236618466051427,0.520666040387803,44.34742647058823,44.498588235294115,45.8235294117647,-0.1511617647058823,10.18725
season,2025,272,142,130,0,0.47794117647058826,0.41930009157706416,0.5371966582178955,44.875,44.48051838235294,46.025735294117645,0.3944816176470587,11.304136029411765
week,1,48,17,31,0,0.6458333333333334,0.504390570103431,0.7656635587439515,44.770833333333336,47.17789858529491,42.708333333333336,-2.4070652519615754,11.925456152396846
week,10,42,19,22,1,0.5365853658536586,0.38746471267669474,0.6794376602366394,44.05952380952381,44.89633435774189,44.142857142857146,-0.8368105482180853,12.580060034301393
week,11,43,18,24,1,0.5714285714285714,0.4220623987810458,0.7088234882381393,44.2906976744186,45.189786278816584,44.02325581395349,-0.8990886043979814,8.788020747248162
week,12,43,23,20,0,0.46511627906976744,0.32511057704121815,0.6108435952768602,44.22093023255814,45.712116881024855,43.76744186046512,-1.4911866484667171,9.945689450616086
week,13,45,23,21,1,0.4772727272727273,0.337549910322511,0.6206453443937836,43.98888888888889,45.93315944880456,46.31111111111111,-1.9442705599156733,11.054121972472009
week,14,42,25,17,0,0.40476190476190477,0.27042861147481323,0.5550568724996064,43.82142857142857,45.29776131125933,46.523809523809526,-1.476332739830757,11.689660942471425
week,15,48,25,23,0,0.4791666666666667,0.34471316176951616,0.616707676966572,43.708333333333336,45.86151850276044,46.25,-2.153185169427109,12.973129635618797
week,16,48,31,17,0,0.3541666666666667,0.23433644125604858,0.4956094298965691,44.010416666666664,45.98144948111118,48.479166666666664,-1.9710328144445135,9.02705945792777
week,17,48,25,23,0,0.4791666666666667,0.34471316176951616,0.616707676966572,43.552083333333336,46.10903079097376,44.9375,-2.556947457640427,13.045160649248762
week,18,48,26,22,0,0.4583333333333333,0.32575242292867446,0.5970892545435019,42.395833333333336,45.93731205968713,41.520833333333336,-3.5414787263537986,11.683630681952266
week,2,48,28,20,0,0.4166666666666667,0.2884966777841157,0.5571866771602373,44.052083333333336,41.23354400523144,46.395833333333336,2.818539328101897,11.351749816966295
week,3,48,19,29,0,0.6041666666666666,0.4631040849254725,0.7297917213940862,44.135416666666664,41.659654862259394,43.979166666666664,2.4757618044072713,11.973604007360219
week,4,48,27,21,0,0.4375,0.30701269040654244,0.5772498258017222,43.9375,42.483520636890425,45.916666666666664,1.4539793631095739,9.976657593394433
week,5,42,21,21,0,0.5,0.3552598959637448,0.6447401040362553,44.38095238095238,42.842375116106936,47.73809523809524,1.5385772648454437,10.167111461517894
week,6,44,18,24,2,0.5714285714285714,0.4220623987810458,0.7088234882381393,44.52272727272727,43.42161972104147,42.54545454545455,1.1011075516858002,10.734520916261971
week,7,43,20,23,0,0.5348837209302325,0.38915640472313967,0.6748894229587816,44.06976744186046,43.730263604442435,44.372093023255815,0.33950383741803164,10.140247292212196
week,8,45,29,16,0,0.35555555555555557,0.23219082604215874,0.5016418580362314,44.17777777777778,44.58551802722239,47.577777777777776,-0.4077402494446163,9.946002189096912
week,9,43,17,26,0,0.6046511627906976,0.45579063062873904,0.7363468524170255,45.13953488372093,44.73541321541502,45.18604651162791,0.40412166830590857,9.020564873848544
market_total_bucket,42-47,366,182,181,3,0.4986225895316804,0.4474715091096006,0.5498025176505842,44.3948087431694,44.52338661946056,45.0792349726776,-0.12857787629116102,10.38463492942223
market_total_bucket,47.5+,204,99,104,1,0.5123152709359606,0.44396728383096895,0.5802058197069171,49.4264705882353,46.897646950134416,50.294117647058826,2.5288236381008753,11.237082521763556
market_total_bucket,<42,246,130,115,1,0.46938775510204084,0.40785145368078235,0.5318692019081707,39.10162601626016,42.80836818723847,40.91869918699187,-3.706742170978307,11.43863502759492
rsm_original_ou_pick,OVER,443,217,222,4,0.5056947608200456,0.4590796722628565,0.5522110501851167,42.04063205417607,45.6556762111956,42.60045146726862,-3.6150441570195233,10.869090175946402
rsm_original_ou_pick,UNDER,373,194,178,1,0.478494623655914,0.42821135809241606,0.5292175002080909,46.451742627345844,43.346041536329764,48.1313672922252,3.105701091016083,10.970612566896502
prediction_confidence,HIGH,269,142,125,2,0.4681647940074906,0.4091883456695346,0.5280443066946127,43.48327137546468,44.791092316404615,44.531598513011154,-1.3078209409399346,12.387914349181559
prediction_confidence,LOW,124,56,68,0,0.5483870967741935,0.46065500744902865,0.6332112555825186,44.645161290322584,44.66036083308274,44.87903225806452,-0.015199542760157498,9.485879723136465
prediction_confidence,MEDIUM,423,213,207,3,0.4928571428571429,0.44532566214173674,0.5405181011920944,44.24940898345154,44.46063706429207,45.58156028368794,-0.21122808084053885,10.398220779664044
rsm_under_watch,NOT_UNDER_WATCH,716,367,345,4,0.4845505617977528,0.4480231622760564,0.5212437756346876,43.91689944134078,44.635725199923954,45.05027932960894,-0.7188257585831729,11.079969107899649
rsm_under_watch,UNDER_WATCH,100,44,55,1,0.5555555555555556,0.4574214280657185,0.6495393261489675,45.06,44.34358811465098,45.69,0.7164118853490193,9.73787554140503
game_type,CON,4,3,1,0,0.25,0.04558726080970055,0.6993581574175981,46.25,49.12325,53.5,-2.8732500000000005,20.874249999999996
game_type,DIV,8,6,2,0,0.25,0.071479212752109,0.5907245696898311,46.5,50.36925,50.75,-3.86925,9.10925
game_type,REG,816,411,400,5,0.4932182490752158,0.45892275255668946,0.5275776888716097,44.056985294117645,44.59992408653266,45.12867647058823,-0.5429387924150121,10.91549685710374
game_type,SB,2,1,1,0,0.5,0.09453120573423074,0.9054687942657693,47.0,50.301500000000004,52.0,-3.3015000000000008,7.037499999999998
game_type,WC,12,3,9,0,0.75,0.46769466506643426,0.9110583316059453,45.75,48.106833333333334,42.166666666666664,-2.356833333333334,10.603666666666667
