group,label,games,original_wins,original_losses,pushes,original_accuracy,original_ci_low,original_ci_high,inverted_wins,inverted_losses,inverted_accuracy,inverted_ci_low,inverted_ci_high,net_inversion_delta
period,2023 validation regular season,272,126,144,2,0.4666666666666667,0.4080441517794552,0.5262243841919879,144,126,0.5333333333333333,0.4737756158080121,0.5919558482205448,0.06666666666666667
period,2024-2025 locked regular season,544,269,272,3,0.49722735674676527,0.45526362302450646,0.5392301880623122,272,269,0.5027726432532348,0.4607698119376878,0.5447363769754936,0.005545286506469501
period,2024-2025 locked playoffs,26,16,10,0,0.6153846153846154,0.4253485008511553,0.7757140556428721,10,16,0.38461538461538464,0.22428594435712798,0.5746514991488447,-0.23076923076923078
period,2023-2025 combined regular saved artifacts,816,395,416,5,0.4870530209617756,0.4527949033759181,0.5214332120781078,416,395,0.5129469790382244,0.47856678792189217,0.5472050966240818,0.025893958076448828
season,2023,272,126,144,2,0.4666666666666667,0.4080441517794552,0.5262243841919879,144,126,0.5333333333333333,0.4737756158080121,0.5919558482205448,0.06666666666666667
season,2024,272,136,133,3,0.5055762081784386,0.44617289797114573,0.5648224984505232,133,136,0.4944237918215613,0.43517750154947665,0.5538271020288542,-0.011152416356877323
season,2025,272,133,139,0,0.4889705882352941,0.4301334114309219,0.5481149634665579,139,133,0.5110294117647058,0.45188503653344203,0.569866588569078,0.022058823529411766
week,1,48,19,29,0,0.3958333333333333,0.2702082786059137,0.5368959150745274,29,19,0.6041666666666666,0.4631040849254725,0.7297917213940862,0.20833333333333334
week,10,42,19,22,1,0.4634146341463415,0.32056233976336046,0.6125352873233052,22,19,0.5365853658536586,0.38746471267669474,0.6794376602366394,0.07317073170731707
week,11,43,21,21,1,0.5,0.3552598959637448,0.6447401040362553,21,21,0.5,0.3552598959637448,0.6447401040362553,0.0
week,12,43,21,22,0,0.4883720930232558,0.3461744754671859,0.632476915305507,22,21,0.5116279069767442,0.3675230846944931,0.6538255245328142,0.023255813953488372
week,13,45,24,20,1,0.5454545454545454,0.40066183198961974,0.6829476585777909,20,24,0.45454545454545453,0.31705234142220895,0.5993381680103802,-0.09090909090909091
week,14,42,20,22,0,0.47619047619047616,0.3335960123070547,0.6227753586865502,22,20,0.5238095238095238,0.3772246413134498,0.6664039876929454,0.047619047619047616
week,15,48,20,28,0,0.4166666666666667,0.2884966777841157,0.5571866771602373,28,20,0.5833333333333334,0.4428133228397628,0.7115033222158844,0.16666666666666666
week,16,48,32,16,0,0.6666666666666666,0.5254010970594798,0.7832321930518142,16,32,0.3333333333333333,0.21676780694818568,0.4745989029405201,-0.3333333333333333
week,17,48,23,25,0,0.4791666666666667,0.34471316176951616,0.616707676966572,25,23,0.5208333333333334,0.3832923230334281,0.6552868382304838,0.041666666666666664
week,18,48,26,22,0,0.5416666666666666,0.40291074545649797,0.6742475770713254,22,26,0.4583333333333333,0.32575242292867446,0.5970892545435019,-0.08333333333333333
week,2,48,22,26,0,0.4583333333333333,0.32575242292867446,0.5970892545435019,26,22,0.5416666666666666,0.40291074545649797,0.6742475770713254,0.08333333333333333
week,3,48,22,26,0,0.4583333333333333,0.32575242292867446,0.5970892545435019,26,22,0.5416666666666666,0.40291074545649797,0.6742475770713254,0.08333333333333333
week,4,48,22,26,0,0.4583333333333333,0.32575242292867446,0.5970892545435019,26,22,0.5416666666666666,0.40291074545649797,0.6742475770713254,0.08333333333333333
week,5,42,18,24,0,0.42857142857142855,0.2911765117618606,0.5779376012189541,24,18,0.5714285714285714,0.4220623987810458,0.7088234882381393,0.14285714285714285
week,6,44,20,22,2,0.47619047619047616,0.3335960123070547,0.6227753586865502,22,20,0.5238095238095238,0.3772246413134498,0.6664039876929454,0.047619047619047616
week,7,43,28,15,0,0.6511627906976745,0.5017178199285205,0.775814100026473,15,28,0.3488372093023256,0.22418589997352706,0.49828218007147956,-0.3023255813953488
week,8,45,20,25,0,0.4444444444444444,0.30938930034997586,0.5882386550647896,25,20,0.5555555555555556,0.4117613449352105,0.6906106996500243,0.1111111111111111
week,9,43,18,25,0,0.4186046511627907,0.28384550927849195,0.5667142261303578,25,18,0.5813953488372093,0.4332857738696422,0.7161544907215082,0.16279069767441862
market_total_bucket,42-47,366,172,191,3,0.4738292011019284,0.4230069588296994,0.525199549613811,191,172,0.5261707988980716,0.47480045038618907,0.5769930411703006,0.05234159779614325
market_total_bucket,47.5+,204,102,101,1,0.5024630541871922,0.4342785657702839,0.5705560549372934,101,102,0.4975369458128079,0.4294439450627068,0.5657214342297162,-0.0049261083743842365
market_total_bucket,<42,246,121,124,1,0.49387755102040815,0.4318530352424977,0.556091095875293,124,121,0.5061224489795918,0.44390890412470707,0.5681469647575024,0.012244897959183673
absolute_total_edge_bucket,0-1.99,291,145,143,3,0.5034722222222222,0.4460631995099853,0.5607898364091803,143,145,0.4965277777777778,0.43921016359081944,0.5539368004900145,-0.006944444444444444
absolute_total_edge_bucket,2-3.99,249,117,132,0,0.46987951807228917,0.4088171168387581,0.5318571694513022,132,117,0.5301204819277109,0.46814283054869776,0.5911828831612419,0.060240963855421686
absolute_total_edge_bucket,4-5.99,160,81,79,0,0.50625,0.4295485502719754,0.5826583722883806,79,81,0.49375,0.4173416277116193,0.5704514497280245,-0.0125
absolute_total_edge_bucket,6+,116,52,62,2,0.45614035087719296,0.3676314155243377,0.5475088067702976,62,52,0.543859649122807,0.45249119322970244,0.6323685844756624,0.08771929824561403
prediction_confidence,HIGH,269,130,137,2,0.4868913857677903,0.4275504012766453,0.5466042202850626,137,130,0.5131086142322098,0.45339577971493755,0.5724495987233549,0.026217228464419477
prediction_confidence,LOW,124,61,63,0,0.49193548387096775,0.40551606493135967,0.5788395578967157,63,61,0.5080645161290323,0.42116044210328424,0.5944839350686403,0.016129032258064516
prediction_confidence,MEDIUM,423,204,216,3,0.4857142857142857,0.4382619871351638,0.5334255395324986,216,204,0.5142857142857142,0.46657446046750145,0.5617380128648363,0.02857142857142857
