game_id,season,week,game_type,away_team,home_team,expected_away_points,expected_home_points,away_score,home_score,predicted_margin,actual_margin,predicted_total,actual_total,home_error,away_error,market_spread,market_total
2024_01_ARI_BUF,2024,1,REG,ARI,BUF,22.046,24.396,28.0,34.0,2.351,6.0,46.442,62.0,-9.604,-5.954000000000001,6.5,46.0
2024_01_BAL_KC,2024,1,REG,BAL,KC,22.018,23.915,20.0,27.0,1.897,7.0,45.933,47.0,-3.085000000000001,2.0180000000000007,3.0,46.0
2024_01_CAR_NO,2024,1,REG,CAR,NO,21.996,24.399,10.0,47.0,2.403,37.0,46.395,57.0,-22.601,11.995999999999999,3.5,41.5
2024_01_DAL_CLE,2024,1,REG,DAL,CLE,22.619,23.448,33.0,17.0,0.829,-16.0,46.067,50.0,6.448,-10.381,2.5,42.0
2024_01_DEN_SEA,2024,1,REG,DEN,SEA,21.469,23.524,20.0,26.0,2.055,6.0,44.993,46.0,-2.475999999999999,1.4690000000000012,6.5,42.0
2024_01_GB_PHI,2024,1,REG,GB,PHI,21.664,24.001,29.0,34.0,2.336,5.0,45.665,63.0,-9.998999999999999,-7.3359999999999985,2.0,49.5
2024_01_HOU_IND,2024,1,REG,HOU,IND,22.853,23.836,29.0,27.0,0.982,-2.0,46.689,56.0,-3.1640000000000015,-6.1469999999999985,-3.0,49.0
2024_01_JAX_MIA,2024,1,REG,JAX,MIA,22.107,24.042,17.0,20.0,1.935,3.0,46.149,37.0,4.042000000000002,5.106999999999999,3.5,49.5
2024_01_LA_DET,2024,1,REG,LA,DET,21.911,24.216,20.0,26.0,2.305,6.0,46.126,46.0,-1.783999999999999,1.9110000000000014,5.0,54.0
2024_01_LV_LAC,2024,1,REG,LV,LAC,22.237,23.375,10.0,22.0,1.138,12.0,45.613,32.0,1.375,12.236999999999998,3.0,41.0
2024_01_MIN_NYG,2024,1,REG,MIN,NYG,21.651,23.573,28.0,6.0,1.922,-22.0,45.224,34.0,17.573,-6.349,-1.0,42.5
2024_01_NE_CIN,2024,1,REG,NE,CIN,21.325,24.019,16.0,10.0,2.694,-6.0,45.344,26.0,14.018999999999998,5.324999999999999,8.0,40.5
2024_01_NYJ_SF,2024,1,REG,NYJ,SF,20.736,23.482,19.0,32.0,2.746,13.0,44.217,51.0,-8.518,1.7360000000000007,3.5,43.0
2024_01_PIT_ATL,2024,1,REG,PIT,ATL,22.107,23.207,18.0,10.0,1.1,-8.0,45.314,28.0,13.207,4.106999999999999,4.0,43.0
2024_01_TEN_CHI,2024,1,REG,TEN,CHI,21.842,23.285,17.0,24.0,1.443,7.0,45.127,41.0,-0.7149999999999999,4.841999999999999,4.0,43.0
2024_01_WAS_TB,2024,1,REG,WAS,TB,21.403,23.621,20.0,37.0,2.218,17.0,45.024,57.0,-13.379000000000001,1.4029999999999987,4.0,42.0
2024_02_ATL_PHI,2024,2,REG,ATL,PHI,21.32,23.305,22.0,21.0,1.985,-1.0,44.626,43.0,2.3049999999999997,-0.6799999999999997,5.5,46.5
2024_02_BUF_MIA,2024,2,REG,BUF,MIA,21.494,22.786,31.0,10.0,1.292,-21.0,44.28,41.0,12.786000000000001,-9.506,2.5,48.5
2024_02_CHI_HOU,2024,2,REG,CHI,HOU,20.952,23.199,13.0,19.0,2.246,6.0,44.151,32.0,4.199000000000002,7.952000000000002,6.0,45.5
2024_02_CIN_KC,2024,2,REG,CIN,KC,21.265,23.133,25.0,26.0,1.868,1.0,44.398,51.0,-2.867000000000001,-3.7349999999999994,6.5,47.5
2024_02_CLE_JAX,2024,2,REG,CLE,JAX,21.131,22.819,18.0,13.0,1.688,-5.0,43.949,31.0,9.818999999999999,3.1310000000000002,3.0,41.5
2024_02_IND_GB,2024,2,REG,IND,GB,21.591,22.88,10.0,16.0,1.29,6.0,44.471,26.0,6.879999999999999,11.591000000000001,-3.0,41.5
2024_02_LAC_CAR,2024,2,REG,LAC,CAR,21.647,22.563,26.0,3.0,0.916,-23.0,44.21,29.0,19.563,-4.3530000000000015,-5.0,39.0
2024_02_LA_ARI,2024,2,REG,LA,ARI,21.824,23.086,10.0,41.0,1.262,31.0,44.91,51.0,-17.914,11.824000000000002,-1.0,47.5
2024_02_LV_BAL,2024,2,REG,LV,BAL,21.028,22.806,26.0,23.0,1.778,-3.0,43.834,49.0,-0.19399999999999906,-4.972000000000001,9.0,41.0
2024_02_NO_DAL,2024,2,REG,NO,DAL,21.427,23.007,44.0,19.0,1.58,-25.0,44.434,63.0,4.0070000000000014,-22.573,6.5,47.0
2024_02_NYG_WAS,2024,2,REG,NYG,WAS,20.972,21.851,18.0,21.0,0.879,3.0,42.823,39.0,0.8509999999999991,2.9720000000000013,1.5,42.5
2024_02_NYJ_TEN,2024,2,REG,NYJ,TEN,20.559,22.611,24.0,17.0,2.052,-7.0,43.17,41.0,5.611000000000001,-3.440999999999999,-3.5,41.5
2024_02_PIT_DEN,2024,2,REG,PIT,DEN,21.539,21.729,13.0,6.0,0.19,-7.0,43.268,19.0,15.729,8.539000000000001,-3.0,36.5
2024_02_SEA_NE,2024,2,REG,SEA,NE,21.591,22.092,23.0,20.0,0.501,-3.0,43.682,43.0,2.0919999999999987,-1.408999999999999,-3.5,39.0
2024_02_SF_MIN,2024,2,REG,SF,MIN,22.387,22.329,17.0,23.0,-0.059,6.0,44.716,40.0,-0.6709999999999994,5.3870000000000005,-4.5,46.5
2024_02_TB_DET,2024,2,REG,TB,DET,21.615,23.203,20.0,16.0,1.587,-4.0,44.818,36.0,7.202999999999999,1.6149999999999984,7.5,51.5
2024_03_BAL_DAL,2024,3,REG,BAL,DAL,20.951,22.84,28.0,25.0,1.889,-3.0,43.792,53.0,-2.16,-7.0489999999999995,-1.5,47.5
2024_03_CAR_LV,2024,3,REG,CAR,LV,20.655,23.342,36.0,22.0,2.687,-14.0,43.997,58.0,1.3419999999999987,-15.344999999999999,5.5,40.0
2024_03_CHI_IND,2024,3,REG,CHI,IND,21.646,22.646,16.0,21.0,1.0,5.0,44.292,37.0,1.6460000000000008,5.646000000000001,1.5,43.0
2024_03_DEN_TB,2024,3,REG,DEN,TB,21.164,23.066,26.0,7.0,1.902,-19.0,44.23,33.0,16.066,-4.8359999999999985,6.0,40.5
2024_03_DET_ARI,2024,3,REG,DET,ARI,21.965,23.072,20.0,13.0,1.108,-7.0,45.037,33.0,10.072,1.9649999999999999,-3.0,51.5
2024_03_GB_TEN,2024,3,REG,GB,TEN,20.81,22.726,30.0,14.0,1.915,-16.0,43.536,44.0,8.725999999999999,-9.190000000000001,3.0,37.0
2024_03_HOU_MIN,2024,3,REG,HOU,MIN,21.953,22.526,7.0,34.0,0.572,27.0,44.479,41.0,-11.474,14.953,-2.0,46.0
2024_03_JAX_BUF,2024,3,REG,JAX,BUF,20.911,22.958,10.0,47.0,2.046,37.0,43.869,57.0,-24.042,10.911000000000001,4.0,46.5
2024_03_KC_ATL,2024,3,REG,KC,ATL,21.77,22.676,22.0,17.0,0.906,-5.0,44.445,39.0,5.675999999999998,-0.23000000000000043,-3.0,46.0
2024_03_LAC_PIT,2024,3,REG,LAC,PIT,20.613,23.416,10.0,20.0,2.803,10.0,44.029,30.0,3.4160000000000004,10.613,3.0,36.0
2024_03_MIA_SEA,2024,3,REG,MIA,SEA,21.332,22.723,3.0,24.0,1.391,21.0,44.055,27.0,-1.277000000000001,18.332,4.0,41.5
2024_03_NE_NYJ,2024,3,REG,NE,NYJ,20.75,22.523,3.0,24.0,1.773,21.0,43.273,27.0,-1.4770000000000003,17.75,6.5,39.0
2024_03_NYG_CLE,2024,3,REG,NYG,CLE,20.857,22.67,21.0,15.0,1.813,-6.0,43.527,36.0,7.670000000000002,-0.14300000000000068,6.5,38.0
2024_03_PHI_NO,2024,3,REG,PHI,NO,21.664,23.7,15.0,12.0,2.036,-3.0,45.363,27.0,11.7,6.6640000000000015,2.5,49.0
2024_03_SF_LA,2024,3,REG,SF,LA,22.439,22.583,24.0,27.0,0.144,3.0,45.023,51.0,-4.417000000000002,-1.561,-6.0,44.5
2024_03_WAS_CIN,2024,3,REG,WAS,CIN,20.399,23.063,38.0,33.0,2.664,-5.0,43.462,71.0,-9.937000000000001,-17.601,7.5,46.0
2024_04_BUF_BAL,2024,4,REG,BUF,BAL,21.615,22.976,10.0,35.0,1.361,25.0,44.591,45.0,-12.024000000000001,11.614999999999998,2.5,46.5
2024_04_CIN_CAR,2024,4,REG,CIN,CAR,22.16,22.63,34.0,24.0,0.47,-10.0,44.789,58.0,-1.370000000000001,-11.84,-4.5,47.0
2024_04_CLE_LV,2024,4,REG,CLE,LV,21.302,22.798,16.0,20.0,1.496,4.0,44.1,36.0,2.7979999999999983,5.302,-2.5,36.5
2024_04_DAL_NYG,2024,4,REG,DAL,NYG,21.847,21.915,20.0,15.0,0.068,-5.0,43.763,35.0,6.914999999999999,1.8470000000000013,-5.5,45.0
2024_04_DEN_NYJ,2024,4,REG,DEN,NYJ,20.646,22.858,10.0,9.0,2.212,-1.0,43.503,19.0,13.858,10.646,7.5,39.5
2024_04_JAX_HOU,2024,4,REG,JAX,HOU,21.005,23.365,20.0,24.0,2.36,4.0,44.37,44.0,-0.6350000000000016,1.004999999999999,5.5,44.5
2024_04_KC_LAC,2024,4,REG,KC,LAC,22.103,22.374,17.0,10.0,0.271,-7.0,44.477,27.0,12.373999999999999,5.1030000000000015,-7.5,41.5
2024_04_LA_CHI,2024,4,REG,LA,CHI,21.226,22.969,18.0,24.0,1.743,6.0,44.195,42.0,-1.0309999999999988,3.225999999999999,3.0,40.0
2024_04_MIN_GB,2024,4,REG,MIN,GB,21.561,22.479,31.0,29.0,0.918,-2.0,44.04,60.0,-6.521000000000001,-9.439,2.5,44.0
2024_04_NE_SF,2024,4,REG,NE,SF,20.499,23.709,13.0,30.0,3.21,17.0,44.208,43.0,-6.291,7.498999999999999,10.5,41.5
2024_04_NO_ATL,2024,4,REG,NO,ATL,21.827,22.653,24.0,26.0,0.826,2.0,44.479,50.0,-3.3470000000000013,-2.1729999999999983,2.5,41.5
2024_04_PHI_TB,2024,4,REG,PHI,TB,22.076,23.095,16.0,33.0,1.019,17.0,45.17,49.0,-9.905000000000001,6.0760000000000005,-1.0,42.0
2024_04_PIT_IND,2024,4,REG,PIT,IND,22.024,22.187,24.0,27.0,0.162,3.0,44.211,51.0,-4.812999999999999,-1.975999999999999,-2.5,40.0
2024_04_SEA_DET,2024,4,REG,SEA,DET,21.317,23.052,29.0,42.0,1.734,13.0,44.369,71.0,-18.948,-7.683,3.5,46.5
2024_04_TEN_MIA,2024,4,REG,TEN,MIA,21.055,22.456,31.0,12.0,1.401,-19.0,43.511,43.0,10.456,-9.945,2.5,37.0
2024_04_WAS_ARI,2024,4,REG,WAS,ARI,21.241,22.989,42.0,14.0,1.749,-28.0,44.23,56.0,8.989,-20.759,3.5,49.0
2024_05_ARI_SF,2024,5,REG,ARI,SF,21.127,23.946,24.0,23.0,2.819,-1.0,45.073,47.0,0.9460000000000015,-2.873000000000001,7.0,48.5
2024_05_BAL_CIN,2024,5,REG,BAL,CIN,21.812,23.097,41.0,38.0,1.285,-3.0,44.91,79.0,-14.902999999999999,-19.188,-2.5,48.5
2024_05_BUF_HOU,2024,5,REG,BUF,HOU,21.845,23.451,20.0,23.0,1.606,3.0,45.296,43.0,0.4510000000000005,1.8449999999999989,1.0,48.0
2024_05_CAR_CHI,2024,5,REG,CAR,CHI,20.63,23.166,10.0,36.0,2.536,26.0,43.796,46.0,-12.834,10.629999999999999,4.0,40.0
2024_05_CLE_WAS,2024,5,REG,CLE,WAS,20.891,22.689,13.0,34.0,1.797,21.0,43.58,47.0,-11.311,7.890999999999998,3.0,44.0
2024_05_DAL_PIT,2024,5,REG,DAL,PIT,21.68,22.684,20.0,17.0,1.004,-3.0,44.365,37.0,5.684000000000001,1.6799999999999997,2.5,43.5
2024_05_GB_LA,2024,5,REG,GB,LA,21.344,22.937,24.0,19.0,1.593,-5.0,44.281,43.0,3.937000000000001,-2.655999999999999,-3.0,49.5
2024_05_IND_JAX,2024,5,REG,IND,JAX,21.397,23.341,34.0,37.0,1.944,3.0,44.738,71.0,-13.658999999999999,-12.603000000000002,3.5,45.0
2024_05_LV_DEN,2024,5,REG,LV,DEN,21.335,22.364,18.0,34.0,1.029,16.0,43.699,52.0,-11.636,3.335000000000001,3.0,36.0
2024_05_MIA_NE,2024,5,REG,MIA,NE,21.483,22.186,15.0,10.0,0.702,-5.0,43.669,25.0,12.186,6.4830000000000005,-2.0,37.0
2024_05_NO_KC,2024,5,REG,NO,KC,21.641,23.37,13.0,26.0,1.729,13.0,45.011,39.0,-2.629999999999999,8.640999999999998,5.5,43.0
2024_05_NYG_SEA,2024,5,REG,NYG,SEA,20.788,22.656,29.0,20.0,1.868,-9.0,43.444,49.0,2.655999999999999,-8.212,7.0,42.5
2024_05_NYJ_MIN,2024,5,REG,NYJ,MIN,20.937,23.08,17.0,23.0,2.143,6.0,44.017,40.0,0.0799999999999983,3.937000000000001,2.5,42.0
2024_05_TB_ATL,2024,5,REG,TB,ATL,21.477,23.229,30.0,36.0,1.752,6.0,44.706,66.0,-12.771,-8.523,2.5,44.0
2024_06_ARI_GB,2024,6,REG,ARI,GB,20.975,22.914,13.0,34.0,1.939,21.0,43.888,47.0,-11.085999999999999,7.975000000000001,5.5,47.0
2024_06_ATL_CAR,2024,6,REG,ATL,CAR,22.087,22.226,38.0,20.0,0.139,-18.0,44.313,58.0,2.225999999999999,-15.913,-6.0,45.5
2024_06_BUF_NYJ,2024,6,REG,BUF,NYJ,21.564,22.755,23.0,20.0,1.191,-3.0,44.319,43.0,2.754999999999999,-1.436,-1.0,42.0
2024_06_CIN_NYG,2024,6,REG,CIN,NYG,21.398,22.702,17.0,7.0,1.304,-10.0,44.1,24.0,15.702000000000002,4.398,-4.5,46.0
2024_06_CLE_PHI,2024,6,REG,CLE,PHI,21.407,23.412,16.0,20.0,2.004,4.0,44.819,36.0,3.411999999999999,5.407,8.0,42.0
2024_06_DET_DAL,2024,6,REG,DET,DAL,21.894,23.713,47.0,9.0,1.819,-38.0,45.607,56.0,14.713000000000001,-25.106,-3.5,52.5
2024_06_HOU_NE,2024,6,REG,HOU,NE,22.254,22.626,41.0,21.0,0.372,-20.0,44.881,62.0,1.6260000000000012,-18.746,-6.5,38.5
2024_06_IND_TEN,2024,6,REG,IND,TEN,21.306,22.926,20.0,17.0,1.621,-3.0,44.232,37.0,5.925999999999998,1.306000000000001,2.5,42.0
2024_06_JAX_CHI,2024,6,REG,JAX,CHI,21.294,22.896,16.0,35.0,1.601,19.0,44.19,51.0,-12.104,5.2940000000000005,-1.5,44.5
2024_06_LAC_DEN,2024,6,REG,LAC,DEN,21.1,22.71,23.0,16.0,1.609,-7.0,43.81,39.0,6.710000000000001,-1.8999999999999986,-3.0,37.0
2024_06_PIT_LV,2024,6,REG,PIT,LV,21.77,22.227,32.0,13.0,0.457,-19.0,43.997,45.0,9.227,-10.23,-3.5,36.5
2024_06_SF_SEA,2024,6,REG,SF,SEA,22.197,22.485,36.0,24.0,0.288,-12.0,44.682,60.0,-1.5150000000000006,-13.803,-3.5,49.0
2024_06_TB_NO,2024,6,REG,TB,NO,21.487,23.471,51.0,27.0,1.984,-24.0,44.959,78.0,-3.529,-29.513,-3.5,42.5
2024_06_WAS_BAL,2024,6,REG,WAS,BAL,20.531,22.682,23.0,30.0,2.151,7.0,43.213,53.0,-7.318000000000001,-2.469000000000001,6.5,51.5
2024_07_BAL_TB,2024,7,REG,BAL,TB,22.021,22.939,41.0,31.0,0.918,-10.0,44.96,72.0,-8.061,-18.979,-4.5,51.0
2024_07_CAR_WAS,2024,7,REG,CAR,WAS,20.857,23.236,7.0,40.0,2.379,33.0,44.093,47.0,-16.764,13.857,10.0,51.0
2024_07_CIN_CLE,2024,7,REG,CIN,CLE,21.686,23.0,21.0,14.0,1.313,-7.0,44.686,35.0,9.0,0.6859999999999999,-5.5,42.0
2024_07_DEN_NO,2024,7,REG,DEN,NO,20.957,23.137,33.0,10.0,2.18,-23.0,44.095,43.0,13.137,-12.043,-2.5,37.0
2024_07_DET_MIN,2024,7,REG,DET,MIN,21.837,23.367,31.0,29.0,1.53,-2.0,45.205,60.0,-5.632999999999999,-9.163,1.0,50.5
2024_07_HOU_GB,2024,7,REG,HOU,GB,21.733,22.586,22.0,24.0,0.853,2.0,44.32,46.0,-1.4140000000000015,-0.26699999999999946,3.0,48.0
2024_07_KC_SF,2024,7,REG,KC,SF,21.279,23.356,28.0,18.0,2.077,-10.0,44.635,46.0,5.356000000000002,-6.721,2.5,47.5
2024_07_LAC_ARI,2024,7,REG,LAC,ARI,21.676,23.344,15.0,17.0,1.668,2.0,45.019,32.0,6.344000000000001,6.675999999999998,-1.0,44.0
2024_07_LV_LA,2024,7,REG,LV,LA,21.589,22.807,15.0,20.0,1.218,5.0,44.396,35.0,2.8069999999999986,6.588999999999999,7.0,43.0
2024_07_MIA_IND,2024,7,REG,MIA,IND,21.42,22.928,10.0,16.0,1.508,6.0,44.347,26.0,6.928000000000001,11.420000000000002,3.0,44.0
2024_07_NE_JAX,2024,7,REG,NE,JAX,21.091,23.366,16.0,32.0,2.275,16.0,44.457,48.0,-8.634,5.091000000000001,6.5,42.0
2024_07_NYJ_PIT,2024,7,REG,NYJ,PIT,20.865,22.787,15.0,37.0,1.922,22.0,43.653,52.0,-14.213000000000001,5.864999999999998,-3.0,40.0
2024_07_PHI_NYG,2024,7,REG,PHI,NYG,21.467,23.016,28.0,3.0,1.549,-25.0,44.482,31.0,20.016,-6.533000000000001,-3.0,42.0
2024_07_SEA_ATL,2024,7,REG,SEA,ATL,21.283,22.971,34.0,14.0,1.688,-20.0,44.254,48.0,8.971,-12.716999999999999,3.0,51.5
2024_07_TEN_BUF,2024,7,REG,TEN,BUF,21.082,23.122,10.0,34.0,2.039,24.0,44.204,44.0,-10.878,11.082,9.5,41.0
2024_08_ARI_MIA,2024,8,REG,ARI,MIA,21.7,23.036,28.0,27.0,1.336,-1.0,44.736,55.0,-3.9639999999999986,-6.300000000000001,4.0,46.5
2024_08_ATL_TB,2024,8,REG,ATL,TB,21.617,22.958,31.0,26.0,1.34,-5.0,44.575,57.0,-3.0420000000000016,-9.383,-1.5,47.0
2024_08_BAL_CLE,2024,8,REG,BAL,CLE,21.826,22.193,24.0,29.0,0.367,5.0,44.019,53.0,-6.806999999999999,-2.1739999999999995,-7.5,44.5
2024_08_BUF_SEA,2024,8,REG,BUF,SEA,21.825,23.062,31.0,10.0,1.237,-21.0,44.887,41.0,13.062000000000001,-9.175,-3.0,45.5
2024_08_CAR_DEN,2024,8,REG,CAR,DEN,21.118,23.426,14.0,28.0,2.308,14.0,44.545,42.0,-4.574000000000002,7.1179999999999986,13.0,40.5
2024_08_CHI_WAS,2024,8,REG,CHI,WAS,21.022,22.405,15.0,18.0,1.382,3.0,43.427,33.0,4.405000000000001,6.0219999999999985,1.5,46.5
2024_08_DAL_SF,2024,8,REG,DAL,SF,21.615,23.485,24.0,30.0,1.869,6.0,45.1,54.0,-6.515000000000001,-2.3850000000000016,5.5,48.0
2024_08_GB_JAX,2024,8,REG,GB,JAX,21.669,22.998,30.0,27.0,1.329,-3.0,44.667,57.0,-4.001999999999999,-8.331,-3.5,49.0
2024_08_IND_HOU,2024,8,REG,IND,HOU,21.687,23.835,20.0,23.0,2.148,3.0,45.522,43.0,0.8350000000000009,1.6870000000000012,5.0,45.0
2024_08_KC_LV,2024,8,REG,KC,LV,21.751,22.486,27.0,20.0,0.735,-7.0,44.237,47.0,2.4860000000000007,-5.248999999999999,-9.0,42.0
2024_08_MIN_LA,2024,8,REG,MIN,LA,22.326,22.241,20.0,30.0,-0.086,10.0,44.567,50.0,-7.759,2.3260000000000005,-3.0,47.5
2024_08_NO_LAC,2024,8,REG,NO,LAC,21.495,22.925,8.0,26.0,1.43,18.0,44.42,34.0,-3.0749999999999993,13.495000000000001,7.0,41.5
2024_08_NYG_PIT,2024,8,REG,NYG,PIT,20.687,22.86,18.0,26.0,2.173,8.0,43.547,44.0,-3.1400000000000006,2.687000000000001,6.0,37.5
2024_08_NYJ_NE,2024,8,REG,NYJ,NE,21.372,22.5,22.0,25.0,1.127,3.0,43.872,47.0,-2.5,-0.6280000000000001,-7.0,41.0
2024_08_PHI_CIN,2024,8,REG,PHI,CIN,21.792,23.471,37.0,17.0,1.678,-20.0,45.263,54.0,6.471,-15.207999999999998,2.5,47.5
2024_08_TEN_DET,2024,8,REG,TEN,DET,21.254,23.91,14.0,52.0,2.655,38.0,45.164,66.0,-28.09,7.254000000000001,12.5,45.0
2024_09_CHI_ARI,2024,9,REG,CHI,ARI,21.972,23.017,9.0,29.0,1.045,20.0,44.99,38.0,-5.9830000000000005,12.972000000000001,1.5,44.5
2024_09_DAL_ATL,2024,9,REG,DAL,ATL,21.917,23.247,21.0,27.0,1.33,6.0,45.164,48.0,-3.753,0.9170000000000016,3.0,52.0
2024_09_DEN_BAL,2024,9,REG,DEN,BAL,20.903,23.15,10.0,41.0,2.246,31.0,44.053,51.0,-17.85,10.902999999999999,9.0,46.5
2024_09_DET_GB,2024,9,REG,DET,GB,22.298,23.174,24.0,14.0,0.876,-10.0,45.472,38.0,9.174,-1.7020000000000017,-2.5,47.5
2024_09_HOU_NYJ,2024,9,REG,HOU,NYJ,22.098,22.662,13.0,21.0,0.564,8.0,44.759,34.0,1.661999999999999,9.097999999999999,2.5,43.5
2024_09_IND_MIN,2024,9,REG,IND,MIN,20.721,23.756,13.0,21.0,3.035,8.0,44.477,34.0,2.7560000000000002,7.721,6.5,47.0
2024_09_JAX_PHI,2024,9,REG,JAX,PHI,21.973,23.595,23.0,28.0,1.622,5.0,45.568,51.0,-4.405000000000001,-1.027000000000001,7.5,46.0
2024_09_LAC_CLE,2024,9,REG,LAC,CLE,21.642,22.961,27.0,10.0,1.319,-17.0,44.604,37.0,12.960999999999999,-5.3580000000000005,-2.0,42.5
2024_09_LA_SEA,2024,9,REG,LA,SEA,21.328,23.389,26.0,20.0,2.061,-6.0,44.717,46.0,3.3889999999999993,-4.672000000000001,-1.5,48.5
2024_09_LV_CIN,2024,9,REG,LV,CIN,21.201,22.999,24.0,41.0,1.799,17.0,44.2,65.0,-18.001,-2.7989999999999995,8.0,45.0
2024_09_MIA_BUF,2024,9,REG,MIA,BUF,21.263,23.365,27.0,30.0,2.101,3.0,44.628,57.0,-6.635000000000002,-5.736999999999998,6.5,49.0
2024_09_NE_TEN,2024,9,REG,NE,TEN,20.707,23.31,17.0,20.0,2.602,3.0,44.017,37.0,3.3099999999999987,3.7070000000000007,3.0,38.5
2024_09_NO_CAR,2024,9,REG,NO,CAR,22.291,22.516,22.0,23.0,0.225,1.0,44.806,45.0,-0.48400000000000176,0.29100000000000037,-7.0,43.5
2024_09_TB_KC,2024,9,REG,TB,KC,21.301,23.519,24.0,30.0,2.218,6.0,44.82,54.0,-6.481000000000002,-2.6990000000000016,9.0,45.5
2024_09_WAS_NYG,2024,9,REG,WAS,NYG,20.95,22.341,27.0,22.0,1.392,-5.0,43.291,49.0,0.3410000000000011,-6.050000000000001,-4.5,44.5
2024_10_ATL_NO,2024,10,REG,ATL,NO,21.275,23.014,17.0,20.0,1.739,3.0,44.289,37.0,3.0139999999999993,4.274999999999999,-3.5,46.5
2024_10_BUF_IND,2024,10,REG,BUF,IND,22.246,22.809,30.0,20.0,0.563,-10.0,45.055,50.0,2.809000000000001,-7.754000000000001,-4.5,46.5
2024_10_CIN_BAL,2024,10,REG,CIN,BAL,20.961,23.43,34.0,35.0,2.469,1.0,44.391,69.0,-11.57,-13.039000000000001,6.0,53.0
2024_10_DEN_KC,2024,10,REG,DEN,KC,20.826,23.499,14.0,16.0,2.673,2.0,44.325,30.0,7.498999999999999,6.8260000000000005,7.5,42.5
2024_10_DET_HOU,2024,10,REG,DET,HOU,22.415,23.523,26.0,23.0,1.108,-3.0,45.938,49.0,0.5229999999999997,-3.585000000000001,-4.5,49.0
2024_10_MIA_LA,2024,10,REG,MIA,LA,21.707,22.896,23.0,15.0,1.189,-8.0,44.604,38.0,7.896000000000001,-1.2929999999999993,2.5,49.5
2024_10_MIN_JAX,2024,10,REG,MIN,JAX,21.883,22.463,12.0,7.0,0.579,-5.0,44.346,19.0,15.463000000000001,9.883,-7.0,42.5
2024_10_NE_CHI,2024,10,REG,NE,CHI,20.646,23.589,19.0,3.0,2.944,-16.0,44.235,22.0,20.589,1.6460000000000008,6.5,37.5
2024_10_NYG_CAR,2024,10,REG,NYG,CAR,21.972,22.158,17.0,20.0,0.186,3.0,44.129,37.0,2.1580000000000013,4.972000000000001,-6.5,40.5
2024_10_NYJ_ARI,2024,10,REG,NYJ,ARI,21.808,22.973,6.0,31.0,1.165,25.0,44.781,37.0,-8.027000000000001,15.808,-2.0,45.5
2024_10_PHI_DAL,2024,10,REG,PHI,DAL,22.043,24.082,34.0,6.0,2.04,-28.0,46.125,40.0,18.082,-11.957,-7.5,44.5
2024_10_PIT_WAS,2024,10,REG,PIT,WAS,21.115,22.282,28.0,27.0,1.168,-1.0,43.397,55.0,-4.718,-6.885000000000002,1.5,45.0
2024_10_SF_TB,2024,10,REG,SF,TB,22.225,22.598,23.0,20.0,0.373,-3.0,44.823,43.0,2.597999999999999,-0.7749999999999986,-6.5,50.5
2024_10_TEN_LAC,2024,10,REG,TEN,LAC,21.558,22.792,17.0,27.0,1.235,10.0,44.35,44.0,-4.207999999999998,4.558,8.0,40.0
2024_11_ATL_DEN,2024,11,REG,ATL,DEN,21.547,22.798,6.0,38.0,1.251,32.0,44.345,44.0,-15.202000000000002,15.547,2.0,44.5
2024_11_BAL_PIT,2024,11,REG,BAL,PIT,21.181,22.889,16.0,18.0,1.708,2.0,44.071,34.0,4.888999999999999,5.181000000000001,-3.0,48.0
2024_11_CIN_LAC,2024,11,REG,CIN,LAC,21.635,23.026,27.0,34.0,1.392,7.0,44.661,61.0,-10.974,-5.364999999999998,1.0,48.0
2024_11_CLE_NO,2024,11,REG,CLE,NO,20.711,23.441,14.0,35.0,2.73,21.0,44.152,49.0,-11.559000000000001,6.7109999999999985,-1.0,44.0
2024_11_GB_CHI,2024,11,REG,GB,CHI,21.412,22.833,20.0,19.0,1.421,-1.0,44.245,39.0,3.8329999999999984,1.411999999999999,-6.0,41.0
2024_11_HOU_DAL,2024,11,REG,HOU,DAL,21.988,23.515,34.0,10.0,1.528,-24.0,45.503,44.0,13.515,-12.012,-7.5,41.5
2024_11_IND_NYJ,2024,11,REG,IND,NYJ,21.37,23.109,28.0,27.0,1.739,-1.0,44.479,55.0,-3.8909999999999982,-6.629999999999999,4.0,43.0
2024_11_JAX_DET,2024,11,REG,JAX,DET,21.564,24.735,6.0,52.0,3.171,46.0,46.299,58.0,-27.265,15.564,14.0,47.5
2024_11_KC_BUF,2024,11,REG,KC,BUF,22.075,23.228,21.0,30.0,1.154,9.0,45.303,51.0,-6.7719999999999985,1.0749999999999993,2.5,46.5
2024_11_LA_NE,2024,11,REG,LA,NE,21.655,22.739,28.0,22.0,1.084,-6.0,44.395,50.0,0.7390000000000008,-6.344999999999999,-4.0,42.5
2024_11_LV_MIA,2024,11,REG,LV,MIA,21.087,23.017,19.0,34.0,1.93,15.0,44.104,53.0,-10.983,2.0869999999999997,8.0,43.5
2024_11_MIN_TEN,2024,11,REG,MIN,TEN,21.533,22.374,23.0,13.0,0.841,-10.0,43.906,36.0,9.373999999999999,-1.4669999999999987,-6.0,40.0
2024_11_SEA_SF,2024,11,REG,SEA,SF,21.192,23.766,20.0,17.0,2.574,-3.0,44.958,37.0,6.765999999999998,1.1920000000000002,6.0,49.0
2024_11_WAS_PHI,2024,11,REG,WAS,PHI,21.411,22.799,18.0,26.0,1.387,8.0,44.21,44.0,-3.2010000000000005,3.4110000000000014,4.5,49.5
2024_12_ARI_SEA,2024,12,REG,ARI,SEA,21.744,23.537,6.0,16.0,1.793,10.0,45.282,22.0,7.536999999999999,15.744,-1.0,46.5
2024_12_BAL_LAC,2024,12,REG,BAL,LAC,21.909,22.813,30.0,23.0,0.904,-7.0,44.722,53.0,-0.18700000000000117,-8.091000000000001,-3.0,51.0
2024_12_DAL_WAS,2024,12,REG,DAL,WAS,22.117,22.803,34.0,26.0,0.686,-8.0,44.92,60.0,-3.196999999999999,-11.883,10.5,45.0
2024_12_DEN_LV,2024,12,REG,DEN,LV,21.452,22.895,29.0,19.0,1.443,-10.0,44.347,48.0,3.8949999999999996,-7.547999999999998,-6.5,41.5
2024_12_DET_IND,2024,12,REG,DET,IND,23.189,22.913,24.0,6.0,-0.277,-18.0,46.102,30.0,16.913,-0.8109999999999999,-7.0,50.5
2024_12_KC_CAR,2024,12,REG,KC,CAR,22.584,22.368,30.0,27.0,-0.217,-3.0,44.952,57.0,-4.6320000000000014,-7.416,-11.0,43.0
2024_12_MIN_CHI,2024,12,REG,MIN,CHI,21.474,22.486,30.0,27.0,1.012,-3.0,43.96,57.0,-4.513999999999999,-8.526,-3.0,39.5
2024_12_NE_MIA,2024,12,REG,NE,MIA,20.791,23.41,15.0,34.0,2.62,19.0,44.201,49.0,-10.59,5.791,7.5,46.0
2024_12_PHI_LA,2024,12,REG,PHI,LA,22.114,23.011,37.0,20.0,0.898,-17.0,45.125,57.0,3.0109999999999992,-14.886,-3.0,49.0
2024_12_PIT_CLE,2024,12,REG,PIT,CLE,21.736,21.684,19.0,24.0,-0.053,5.0,43.42,43.0,-2.315999999999999,2.7360000000000007,-3.5,36.5
2024_12_SF_GB,2024,12,REG,SF,GB,21.879,22.684,10.0,38.0,0.805,28.0,44.563,48.0,-15.315999999999999,11.879000000000001,6.5,44.5
2024_12_TB_NYG,2024,12,REG,TB,NYG,21.451,22.981,30.0,7.0,1.53,-23.0,44.431,37.0,15.981000000000002,-8.549,-6.5,40.5
2024_12_TEN_HOU,2024,12,REG,TEN,HOU,21.211,23.5,32.0,27.0,2.289,-5.0,44.711,59.0,-3.5,-10.789000000000001,8.0,40.5
2024_13_ARI_MIN,2024,13,REG,ARI,MIN,20.681,23.932,22.0,23.0,3.251,1.0,44.613,45.0,0.9319999999999986,-1.318999999999999,3.5,45.5
2024_13_CHI_DET,2024,13,REG,CHI,DET,21.599,24.146,20.0,23.0,2.547,3.0,45.745,43.0,1.1460000000000008,1.5990000000000002,9.5,47.5
2024_13_CLE_DEN,2024,13,REG,CLE,DEN,20.81,22.984,32.0,41.0,2.174,9.0,43.793,73.0,-18.016,-11.190000000000001,6.5,41.5
2024_13_HOU_JAX,2024,13,REG,HOU,JAX,22.243,22.97,23.0,20.0,0.727,-3.0,45.212,43.0,2.969999999999999,-0.7570000000000014,-3.5,44.5
2024_13_IND_NE,2024,13,REG,IND,NE,21.727,22.835,25.0,24.0,1.108,-1.0,44.562,49.0,-1.1649999999999991,-3.2729999999999997,-2.5,41.5
2024_13_LAC_ATL,2024,13,REG,LAC,ATL,21.423,23.072,17.0,13.0,1.649,-4.0,44.495,30.0,10.072,4.422999999999998,-1.0,47.0
2024_13_LA_NO,2024,13,REG,LA,NO,20.822,23.561,21.0,14.0,2.739,-7.0,44.383,35.0,9.561,-0.17800000000000082,-2.5,48.5
2024_13_LV_KC,2024,13,REG,LV,KC,21.062,23.875,17.0,19.0,2.813,2.0,44.937,36.0,4.875,4.062000000000001,13.5,42.0
2024_13_MIA_GB,2024,13,REG,MIA,GB,21.703,22.865,17.0,30.0,1.163,13.0,44.568,47.0,-7.135000000000002,4.702999999999999,3.5,47.5
2024_13_NYG_DAL,2024,13,REG,NYG,DAL,21.213,23.134,20.0,27.0,1.92,7.0,44.347,47.0,-3.8659999999999997,1.213000000000001,4.5,39.0
2024_13_PHI_BAL,2024,13,REG,PHI,BAL,21.734,24.047,24.0,19.0,2.313,-5.0,45.781,43.0,5.047000000000001,-2.2659999999999982,3.0,50.0
2024_13_PIT_CIN,2024,13,REG,PIT,CIN,21.727,22.354,44.0,38.0,0.627,-6.0,44.08,82.0,-15.646,-22.273,3.0,46.0
2024_13_SEA_NYJ,2024,13,REG,SEA,NYJ,21.63,23.145,26.0,21.0,1.515,-5.0,44.775,47.0,2.1449999999999996,-4.370000000000001,1.0,41.5
2024_13_SF_BUF,2024,13,REG,SF,BUF,22.314,23.088,10.0,35.0,0.774,25.0,45.403,45.0,-11.911999999999999,12.314,6.5,45.0
2024_13_TB_CAR,2024,13,REG,TB,CAR,22.163,22.852,26.0,23.0,0.688,-3.0,45.015,49.0,-0.1479999999999997,-3.8369999999999997,-6.5,46.0
2024_13_TEN_WAS,2024,13,REG,TEN,WAS,21.326,22.391,19.0,42.0,1.065,23.0,43.717,61.0,-19.609,2.3260000000000005,6.0,45.0
2024_14_ATL_MIN,2024,14,REG,ATL,MIN,20.579,22.799,21.0,42.0,2.22,21.0,43.379,63.0,-19.201,-0.4209999999999994,6.0,46.5
2024_14_BUF_LA,2024,14,REG,BUF,LA,22.354,22.633,42.0,44.0,0.28,2.0,44.987,86.0,-21.367,-19.646,-3.5,49.5
2024_14_CAR_PHI,2024,14,REG,CAR,PHI,21.797,24.135,16.0,22.0,2.339,6.0,45.932,38.0,2.1350000000000016,5.797000000000001,14.0,44.5
2024_14_CHI_SF,2024,14,REG,CHI,SF,21.348,22.737,13.0,38.0,1.389,25.0,44.086,51.0,-15.263000000000002,8.347999999999999,3.0,43.5
2024_14_CIN_DAL,2024,14,REG,CIN,DAL,21.462,22.735,27.0,20.0,1.273,-7.0,44.196,47.0,2.7349999999999994,-5.538,-5.0,51.0
2024_14_CLE_PIT,2024,14,REG,CLE,PIT,20.564,23.164,14.0,27.0,2.6,13.0,43.728,41.0,-3.8359999999999985,6.564,6.0,43.0
2024_14_GB_DET,2024,14,REG,GB,DET,21.464,24.529,31.0,34.0,3.064,3.0,45.993,65.0,-9.471,-9.536000000000001,3.0,53.0
2024_14_JAX_TEN,2024,14,REG,JAX,TEN,21.707,23.139,10.0,6.0,1.432,-4.0,44.847,16.0,17.139,11.707,3.0,40.0
2024_14_LAC_KC,2024,14,REG,LAC,KC,21.283,23.418,17.0,19.0,2.135,2.0,44.701,36.0,4.417999999999999,4.283000000000001,5.0,43.5
2024_14_LV_TB,2024,14,REG,LV,TB,21.375,23.529,13.0,28.0,2.154,15.0,44.904,41.0,-4.471,8.375,7.0,47.0
2024_14_NO_NYG,2024,14,REG,NO,NYG,21.736,22.25,14.0,11.0,0.514,-3.0,43.986,25.0,11.25,7.736000000000001,-5.5,41.0
2024_14_NYJ_MIA,2024,14,REG,NYJ,MIA,20.875,23.075,26.0,32.0,2.2,6.0,43.95,58.0,-8.925,-5.125,6.5,45.0
2024_14_SEA_ARI,2024,14,REG,SEA,ARI,21.901,22.935,30.0,18.0,1.035,-12.0,44.836,48.0,4.934999999999999,-8.099,3.0,45.5
2024_15_ATL_LV,2024,15,REG,ATL,LV,22.133,23.076,15.0,9.0,0.943,-6.0,45.209,24.0,14.076,7.132999999999999,-6.5,44.5
2024_15_BAL_NYG,2024,15,REG,BAL,NYG,22.066,22.579,35.0,14.0,0.513,-21.0,44.645,49.0,8.579,-12.934000000000001,-16.5,43.5
2024_15_BUF_DET,2024,15,REG,BUF,DET,22.279,24.311,48.0,42.0,2.032,-6.0,46.59,90.0,-17.689,-25.721,2.5,55.5
2024_15_CHI_MIN,2024,15,REG,CHI,MIN,21.001,22.952,12.0,30.0,1.951,18.0,43.952,42.0,-7.047999999999998,9.001000000000001,7.0,43.5
2024_15_CIN_TEN,2024,15,REG,CIN,TEN,21.713,22.45,37.0,27.0,0.737,-10.0,44.164,64.0,-4.550000000000001,-15.286999999999999,-6.0,46.5
2024_15_DAL_CAR,2024,15,REG,DAL,CAR,21.832,22.586,30.0,14.0,0.754,-16.0,44.417,44.0,8.585999999999999,-8.168,2.5,42.0
2024_15_GB_SEA,2024,15,REG,GB,SEA,21.756,23.241,30.0,13.0,1.484,-17.0,44.997,43.0,10.241,-8.244,-3.0,48.0
2024_15_IND_DEN,2024,15,REG,IND,DEN,21.169,23.412,13.0,31.0,2.244,18.0,44.581,44.0,-7.588000000000001,8.169,4.5,43.5
2024_15_KC_CLE,2024,15,REG,KC,CLE,22.163,22.318,21.0,7.0,0.155,-14.0,44.481,28.0,15.318000000000001,1.1630000000000003,-4.5,41.5
2024_15_LA_SF,2024,15,REG,LA,SF,21.324,23.585,12.0,6.0,2.261,-6.0,44.909,18.0,17.585,9.324000000000002,3.0,48.5
2024_15_MIA_HOU,2024,15,REG,MIA,HOU,21.73,23.138,12.0,20.0,1.408,8.0,44.868,32.0,3.1380000000000017,9.73,2.5,46.5
2024_15_NE_ARI,2024,15,REG,NE,ARI,21.516,23.475,17.0,30.0,1.96,13.0,44.991,47.0,-6.524999999999999,4.515999999999998,6.0,46.5
2024_15_NYJ_JAX,2024,15,REG,NYJ,JAX,21.409,22.766,32.0,25.0,1.357,-7.0,44.176,57.0,-2.2340000000000018,-10.591000000000001,-3.5,41.5
2024_15_PIT_PHI,2024,15,REG,PIT,PHI,22.689,23.088,13.0,27.0,0.399,14.0,45.778,40.0,-3.911999999999999,9.689,5.5,43.0
2024_15_TB_LAC,2024,15,REG,TB,LAC,21.951,23.642,40.0,17.0,1.691,-23.0,45.592,57.0,6.6419999999999995,-18.049,3.0,46.0
2024_15_WAS_NO,2024,15,REG,WAS,NO,20.795,22.767,20.0,19.0,1.972,-1.0,43.562,39.0,3.7669999999999995,0.7950000000000017,-7.5,44.5
2024_16_ARI_CAR,2024,16,REG,ARI,CAR,21.803,23.006,30.0,36.0,1.203,6.0,44.809,66.0,-12.994,-8.197,-5.5,47.0
2024_16_CLE_CIN,2024,16,REG,CLE,CIN,21.676,22.784,6.0,24.0,1.108,18.0,44.459,30.0,-1.216000000000001,15.675999999999998,10.0,46.5
2024_16_DEN_LAC,2024,16,REG,DEN,LAC,21.362,23.045,27.0,34.0,1.683,7.0,44.407,61.0,-10.954999999999998,-5.638000000000002,3.0,41.5
2024_16_DET_CHI,2024,16,REG,DET,CHI,22.657,23.283,34.0,17.0,0.626,-17.0,45.94,51.0,6.283000000000001,-11.343,-7.0,47.5
2024_16_HOU_KC,2024,16,REG,HOU,KC,21.768,23.715,19.0,27.0,1.947,8.0,45.482,46.0,-3.285,2.7680000000000007,3.5,42.5
2024_16_JAX_LV,2024,16,REG,JAX,LV,21.88,23.289,14.0,19.0,1.409,5.0,45.169,33.0,4.2890000000000015,7.879999999999999,2.5,41.5
2024_16_LA_NYJ,2024,16,REG,LA,NYJ,21.394,22.807,19.0,9.0,1.414,-10.0,44.201,28.0,13.806999999999999,2.3939999999999984,-3.0,47.0
2024_16_MIN_SEA,2024,16,REG,MIN,SEA,22.162,22.526,27.0,24.0,0.364,-3.0,44.688,51.0,-1.4740000000000002,-4.838000000000001,-2.5,43.0
2024_16_NE_BUF,2024,16,REG,NE,BUF,20.856,24.109,21.0,24.0,3.253,3.0,44.966,45.0,0.10900000000000176,-0.14399999999999835,14.0,48.0
2024_16_NO_GB,2024,16,REG,NO,GB,21.775,22.875,0.0,34.0,1.1,34.0,44.651,34.0,-11.125,21.775,14.0,44.0
2024_16_NYG_ATL,2024,16,REG,NYG,ATL,21.022,22.81,7.0,34.0,1.787,27.0,43.832,41.0,-11.190000000000001,14.021999999999998,9.5,42.5
2024_16_PHI_WAS,2024,16,REG,PHI,WAS,21.663,23.377,33.0,36.0,1.714,3.0,45.04,69.0,-12.623000000000001,-11.337,-4.0,47.0
2024_16_PIT_BAL,2024,16,REG,PIT,BAL,21.928,22.694,17.0,34.0,0.766,17.0,44.622,51.0,-11.306000000000001,4.928000000000001,7.0,44.5
2024_16_SF_MIA,2024,16,REG,SF,MIA,21.198,22.955,17.0,29.0,1.757,12.0,44.153,46.0,-6.045000000000002,4.198,-2.0,44.0
2024_16_TB_DAL,2024,16,REG,TB,DAL,22.036,23.593,24.0,26.0,1.558,2.0,45.629,50.0,-2.407,-1.9639999999999986,-4.5,47.5
2024_16_TEN_IND,2024,16,REG,TEN,IND,20.954,23.005,30.0,38.0,2.051,8.0,43.959,68.0,-14.995000000000001,-9.046,4.0,42.5
2024_17_ARI_LA,2024,17,REG,ARI,LA,21.73,23.222,9.0,13.0,1.492,4.0,44.952,22.0,10.222000000000001,12.73,6.5,48.0
2024_17_ATL_WAS,2024,17,REG,ATL,WAS,21.049,22.96,24.0,30.0,1.912,6.0,44.009,54.0,-7.039999999999999,-2.9510000000000005,3.5,46.5
2024_17_BAL_HOU,2024,17,REG,BAL,HOU,22.291,23.365,31.0,2.0,1.074,-29.0,45.655,33.0,21.365,-8.709,-5.5,46.5
2024_17_CAR_TB,2024,17,REG,CAR,TB,21.995,23.925,14.0,48.0,1.931,34.0,45.92,62.0,-24.075,7.995000000000001,9.5,47.5
2024_17_DAL_PHI,2024,17,REG,DAL,PHI,22.356,23.692,7.0,41.0,1.336,34.0,46.048,48.0,-17.308,15.356000000000002,7.5,37.5
2024_17_DEN_CIN,2024,17,REG,DEN,CIN,22.162,22.978,24.0,30.0,0.816,6.0,45.139,54.0,-7.0219999999999985,-1.838000000000001,3.5,50.5
2024_17_DET_SF,2024,17,REG,DET,SF,22.542,23.328,40.0,34.0,0.786,-6.0,45.87,74.0,-10.672,-17.458,-4.0,50.5
2024_17_GB_MIN,2024,17,REG,GB,MIN,21.343,23.491,25.0,27.0,2.148,2.0,44.834,52.0,-3.5090000000000003,-3.657,-1.0,49.0
2024_17_IND_NYG,2024,17,REG,IND,NYG,21.503,22.963,33.0,45.0,1.46,12.0,44.466,78.0,-22.037,-11.497,-7.5,40.5
2024_17_KC_PIT,2024,17,REG,KC,PIT,21.633,23.169,29.0,10.0,1.536,-19.0,44.802,39.0,13.169,-7.367000000000001,-3.0,43.5
2024_17_LAC_NE,2024,17,REG,LAC,NE,22.201,22.459,40.0,7.0,0.258,-33.0,44.66,47.0,15.459,-17.799,-6.0,42.0
2024_17_LV_NO,2024,17,REG,LV,NO,21.28,23.749,25.0,10.0,2.469,-15.0,45.029,35.0,13.748999999999999,-3.719999999999999,-2.0,37.5
2024_17_MIA_CLE,2024,17,REG,MIA,CLE,21.706,22.318,20.0,3.0,0.612,-17.0,44.025,23.0,19.318,1.7059999999999995,-3.0,32.5
2024_17_NYJ_BUF,2024,17,REG,NYJ,BUF,20.819,23.654,14.0,40.0,2.835,26.0,44.474,54.0,-16.346,6.818999999999999,10.0,44.5
2024_17_SEA_CHI,2024,17,REG,SEA,CHI,21.368,23.298,6.0,3.0,1.931,-3.0,44.666,9.0,20.298,15.367999999999999,-3.5,43.5
2024_17_TEN_JAX,2024,17,REG,TEN,JAX,20.8,22.983,13.0,20.0,2.183,7.0,43.783,33.0,2.9830000000000005,7.800000000000001,-1.0,38.0
2024_18_BUF_NE,2024,18,REG,BUF,NE,22.762,22.439,16.0,23.0,-0.322,7.0,45.201,39.0,-0.5609999999999999,6.7620000000000005,-3.0,36.5
2024_18_CAR_ATL,2024,18,REG,CAR,ATL,21.034,23.253,44.0,38.0,2.219,-6.0,44.288,82.0,-14.747,-22.966,7.5,48.5
2024_18_CHI_GB,2024,18,REG,CHI,GB,21.522,23.043,24.0,22.0,1.521,-2.0,44.565,46.0,1.0429999999999993,-2.4780000000000015,10.0,41.5
2024_18_CIN_PIT,2024,18,REG,CIN,PIT,20.911,24.108,19.0,17.0,3.197,-2.0,45.02,36.0,7.1080000000000005,1.9110000000000014,-2.5,48.5
2024_18_CLE_BAL,2024,18,REG,CLE,BAL,21.179,23.134,10.0,35.0,1.955,25.0,44.313,45.0,-11.866,11.178999999999998,19.5,42.5
2024_18_HOU_TEN,2024,18,REG,HOU,TEN,21.697,22.497,23.0,14.0,0.8,-9.0,44.194,37.0,8.497,-1.3030000000000008,2.5,36.5
2024_18_JAX_IND,2024,18,REG,JAX,IND,21.924,23.196,23.0,26.0,1.272,3.0,45.12,49.0,-2.8039999999999985,-1.0760000000000005,3.5,45.5
2024_18_KC_DEN,2024,18,REG,KC,DEN,21.976,22.684,0.0,38.0,0.709,38.0,44.66,38.0,-15.315999999999999,21.976,10.5,40.5
2024_18_LAC_LV,2024,18,REG,LAC,LV,22.319,23.326,34.0,20.0,1.008,-14.0,45.645,54.0,3.3260000000000005,-11.681000000000001,-7.0,42.5
2024_18_MIA_NYJ,2024,18,REG,MIA,NYJ,21.536,22.204,20.0,32.0,0.668,12.0,43.74,52.0,-9.796,1.5360000000000014,1.5,39.5
2024_18_MIN_DET,2024,18,REG,MIN,DET,21.935,23.787,9.0,31.0,1.852,22.0,45.722,40.0,-7.213000000000001,12.934999999999999,3.0,56.5
2024_18_NO_TB,2024,18,REG,NO,TB,22.198,23.153,19.0,27.0,0.955,8.0,45.351,46.0,-3.8470000000000013,3.1980000000000004,14.5,44.5
2024_18_NYG_PHI,2024,18,REG,NYG,PHI,21.957,23.478,13.0,20.0,1.521,7.0,45.434,33.0,3.4780000000000015,8.957,3.0,36.5
2024_18_SEA_LA,2024,18,REG,SEA,LA,22.047,22.746,30.0,25.0,0.699,-5.0,44.793,55.0,-2.2540000000000013,-7.952999999999999,-7.5,38.5
2024_18_SF_ARI,2024,18,REG,SF,ARI,22.512,22.939,24.0,47.0,0.427,23.0,45.451,71.0,-24.061,-1.4879999999999995,4.5,42.5
2024_18_WAS_DAL,2024,18,REG,WAS,DAL,21.103,22.855,23.0,19.0,1.752,-4.0,43.958,42.0,3.8550000000000004,-1.8969999999999985,-7.0,43.5
2025_01_ARI_NO,2025,1,REG,ARI,NO,21.67,23.73,20.0,13.0,2.059,-7.0,45.4,33.0,10.73,1.6700000000000017,-6.0,44.5
2025_01_BAL_BUF,2025,1,REG,BAL,BUF,21.576,23.814,40.0,41.0,2.238,1.0,45.389,81.0,-17.186,-18.424,-1.5,50.5
2025_01_CAR_JAX,2025,1,REG,CAR,JAX,21.845,23.917,10.0,26.0,2.072,16.0,45.762,36.0,-2.0829999999999984,11.844999999999999,4.5,45.5
2025_01_CIN_CLE,2025,1,REG,CIN,CLE,21.629,23.128,17.0,16.0,1.499,-1.0,44.757,33.0,7.128,4.629000000000001,-5.5,47.5
2025_01_DAL_PHI,2025,1,REG,DAL,PHI,22.704,23.641,20.0,24.0,0.937,4.0,46.345,44.0,-0.35900000000000176,2.7040000000000006,8.5,47.5
2025_01_DET_GB,2025,1,REG,DET,GB,22.645,23.439,13.0,27.0,0.794,14.0,46.084,40.0,-3.561,9.645,1.5,48.5
2025_01_HOU_LA,2025,1,REG,HOU,LA,22.292,23.989,9.0,14.0,1.697,5.0,46.281,23.0,9.989,13.292000000000002,3.5,43.5
2025_01_KC_LAC,2025,1,REG,KC,LAC,22.406,23.645,21.0,27.0,1.239,6.0,46.052,48.0,-3.3550000000000004,1.4059999999999988,-3.0,47.5
2025_01_LV_NE,2025,1,REG,LV,NE,22.27,23.241,20.0,13.0,0.971,-7.0,45.511,33.0,10.241,2.2699999999999996,2.5,44.5
2025_01_MIA_IND,2025,1,REG,MIA,IND,22.17,23.151,8.0,33.0,0.981,25.0,45.321,41.0,-9.849,14.170000000000002,1.5,47.5
2025_01_MIN_CHI,2025,1,REG,MIN,CHI,22.005,23.374,27.0,24.0,1.369,-3.0,45.38,51.0,-0.6260000000000012,-4.995000000000001,-1.5,43.5
2025_01_NYG_WAS,2025,1,REG,NYG,WAS,22.124,23.719,6.0,21.0,1.596,15.0,45.843,27.0,2.719000000000001,16.124,6.0,45.5
2025_01_PIT_NYJ,2025,1,REG,PIT,NYJ,22.203,22.979,34.0,32.0,0.776,-2.0,45.182,66.0,-9.021,-11.797,-3.0,37.5
2025_01_SF_SEA,2025,1,REG,SF,SEA,21.51,23.344,17.0,13.0,1.834,-4.0,44.854,30.0,10.344000000000001,4.510000000000002,-2.5,43.5
2025_01_TB_ATL,2025,1,REG,TB,ATL,22.767,23.12,23.0,20.0,0.352,-3.0,45.887,43.0,3.120000000000001,-0.23300000000000054,-1.5,47.5
2025_01_TEN_DEN,2025,1,REG,TEN,DEN,21.252,23.693,12.0,20.0,2.441,8.0,44.945,32.0,3.6930000000000014,9.251999999999999,8.5,42.5
2025_02_ATL_MIN,2025,2,REG,ATL,MIN,20.685,22.728,22.0,6.0,2.042,-16.0,43.413,28.0,16.728,-1.3150000000000013,3.5,44.5
2025_02_BUF_NYJ,2025,2,REG,BUF,NYJ,21.759,22.94,30.0,10.0,1.18,-20.0,44.699,40.0,12.940000000000001,-8.241,-6.0,47.5
2025_02_CAR_ARI,2025,2,REG,CAR,ARI,21.101,22.863,22.0,27.0,1.762,5.0,43.964,49.0,-4.1370000000000005,-0.8990000000000009,7.0,45.5
2025_02_CHI_DET,2025,2,REG,CHI,DET,20.842,23.406,21.0,52.0,2.565,31.0,44.248,73.0,-28.594,-0.15800000000000125,6.0,46.5
2025_02_CLE_BAL,2025,2,REG,CLE,BAL,20.672,22.42,17.0,41.0,1.748,24.0,43.092,58.0,-18.58,3.6720000000000006,12.5,46.5
2025_02_DEN_IND,2025,2,REG,DEN,IND,21.436,22.69,28.0,29.0,1.255,1.0,44.126,57.0,-6.309999999999999,-6.564,-2.5,43.5
2025_02_JAX_CIN,2025,2,REG,JAX,CIN,21.03,22.828,27.0,31.0,1.798,4.0,43.859,58.0,-8.172,-5.969999999999999,3.5,49.5
2025_02_LAC_LV,2025,2,REG,LAC,LV,21.963,22.729,20.0,9.0,0.767,-11.0,44.692,29.0,13.729,1.963000000000001,-3.5,46.5
2025_02_LA_TEN,2025,2,REG,LA,TEN,20.923,22.58,33.0,19.0,1.658,-14.0,43.503,52.0,3.5799999999999983,-12.077000000000002,-5.5,41.5
2025_02_NE_MIA,2025,2,REG,NE,MIA,20.989,23.336,33.0,27.0,2.348,-6.0,44.325,60.0,-3.6640000000000015,-12.011,1.5,43.5
2025_02_NYG_DAL,2025,2,REG,NYG,DAL,21.473,22.924,37.0,40.0,1.451,3.0,44.398,77.0,-17.076,-15.527000000000001,4.5,44.5
2025_02_PHI_KC,2025,2,REG,PHI,KC,21.617,23.406,20.0,17.0,1.789,-3.0,45.024,37.0,6.405999999999999,1.6170000000000009,-1.5,46.5
2025_02_SEA_PIT,2025,2,REG,SEA,PIT,20.152,22.867,31.0,17.0,2.716,-14.0,43.019,48.0,5.867000000000001,-10.847999999999999,3.5,40.5
2025_02_SF_NO,2025,2,REG,SF,NO,21.146,22.808,26.0,21.0,1.662,-5.0,43.954,47.0,1.8079999999999998,-4.853999999999999,-3.0,40.5
2025_02_TB_HOU,2025,2,REG,TB,HOU,21.949,22.829,20.0,19.0,0.881,-1.0,44.778,39.0,3.8290000000000006,1.9490000000000016,2.5,42.5
2025_02_WAS_GB,2025,2,REG,WAS,GB,21.187,23.16,18.0,27.0,1.973,9.0,44.347,45.0,-3.84,3.187000000000001,3.5,48.5
2025_03_ARI_SF,2025,3,REG,ARI,SF,21.334,22.541,15.0,16.0,1.208,1.0,43.875,31.0,6.541,6.334,1.5,44.5
2025_03_ATL_CAR,2025,3,REG,ATL,CAR,21.59,22.537,0.0,30.0,0.947,30.0,44.126,30.0,-7.463000000000001,21.59,-5.5,44.5
2025_03_CIN_MIN,2025,3,REG,CIN,MIN,20.809,21.936,10.0,48.0,1.127,38.0,42.745,58.0,-26.064,10.809000000000001,3.0,41.5
2025_03_DAL_CHI,2025,3,REG,DAL,CHI,21.809,22.679,14.0,31.0,0.87,17.0,44.488,45.0,-8.321000000000002,7.809000000000001,-1.5,49.5
2025_03_DEN_LAC,2025,3,REG,DEN,LAC,21.345,23.334,20.0,23.0,1.988,3.0,44.679,43.0,0.33399999999999963,1.3449999999999989,2.5,45.5
2025_03_DET_BAL,2025,3,REG,DET,BAL,21.756,22.855,38.0,30.0,1.098,-8.0,44.611,68.0,-7.145,-16.244,4.5,53.5
2025_03_GB_CLE,2025,3,REG,GB,CLE,21.318,22.135,10.0,13.0,0.818,3.0,43.453,23.0,9.135000000000002,11.318000000000001,-8.5,41.5
2025_03_HOU_JAX,2025,3,REG,HOU,JAX,21.366,23.181,10.0,17.0,1.815,7.0,44.547,27.0,6.181000000000001,11.366,1.5,43.5
2025_03_IND_TEN,2025,3,REG,IND,TEN,21.383,22.257,41.0,20.0,0.874,-21.0,43.64,61.0,2.2570000000000014,-19.617,-6.0,43.5
2025_03_KC_NYG,2025,3,REG,KC,NYG,20.914,22.734,22.0,9.0,1.821,-13.0,43.648,31.0,13.734000000000002,-1.0859999999999985,-6.0,44.5
2025_03_LA_PHI,2025,3,REG,LA,PHI,21.848,23.388,26.0,33.0,1.54,7.0,45.236,59.0,-9.611999999999998,-4.152000000000001,3.5,45.5
2025_03_LV_WAS,2025,3,REG,LV,WAS,21.306,23.031,24.0,41.0,1.725,17.0,44.337,65.0,-17.969,-2.693999999999999,2.5,43.5
2025_03_MIA_BUF,2025,3,REG,MIA,BUF,21.672,23.134,21.0,31.0,1.462,10.0,44.806,52.0,-7.866,0.6720000000000006,12.5,50.5
2025_03_NO_SEA,2025,3,REG,NO,SEA,20.947,21.954,13.0,44.0,1.008,31.0,42.901,57.0,-22.046,7.946999999999999,7.5,41.5
2025_03_NYJ_TB,2025,3,REG,NYJ,TB,21.227,23.171,27.0,29.0,1.944,2.0,44.398,56.0,-5.829000000000001,-5.773,6.5,43.5
2025_03_PIT_NE,2025,3,REG,PIT,NE,21.561,21.639,21.0,14.0,0.078,-7.0,43.201,35.0,7.638999999999999,0.5609999999999999,-1.5,44.5
2025_04_BAL_KC,2025,4,REG,BAL,KC,21.32,23.061,20.0,37.0,1.741,17.0,44.382,57.0,-13.939,1.3200000000000003,-2.5,48.5
2025_04_CAR_NE,2025,4,REG,CAR,NE,21.518,22.743,13.0,42.0,1.225,29.0,44.261,55.0,-19.257,8.518,5.5,42.5
2025_04_CHI_LV,2025,4,REG,CHI,LV,21.431,22.861,25.0,24.0,1.43,-1.0,44.292,49.0,-1.1389999999999993,-3.568999999999999,1.5,47.5
2025_04_CIN_DEN,2025,4,REG,CIN,DEN,21.179,22.649,3.0,28.0,1.47,25.0,43.828,31.0,-5.350999999999999,18.179,7.5,44.5
2025_04_CLE_DET,2025,4,REG,CLE,DET,20.926,23.091,10.0,34.0,2.166,24.0,44.017,44.0,-10.908999999999999,10.925999999999998,10.0,44.5
2025_04_GB_DAL,2025,4,REG,GB,DAL,21.767,23.185,40.0,40.0,1.418,0.0,44.951,80.0,-16.815,-18.233,-7.0,47.5
2025_04_IND_LA,2025,4,REG,IND,LA,21.802,22.729,20.0,27.0,0.927,7.0,44.531,47.0,-4.271000000000001,1.8019999999999996,3.5,49.5
2025_04_JAX_SF,2025,4,REG,JAX,SF,22.242,22.274,26.0,21.0,0.033,-5.0,44.516,47.0,1.274000000000001,-3.757999999999999,3.5,45.5
2025_04_LAC_NYG,2025,4,REG,LAC,NYG,21.493,22.794,18.0,21.0,1.301,3.0,44.287,39.0,1.7940000000000005,3.4929999999999986,-6.0,43.5
2025_04_MIN_PIT,2025,4,REG,MIN,PIT,20.325,22.717,21.0,24.0,2.392,3.0,43.042,45.0,-1.2830000000000013,-0.6750000000000007,-2.5,41.5
2025_04_NO_BUF,2025,4,REG,NO,BUF,20.989,23.437,19.0,31.0,2.448,12.0,44.425,50.0,-7.562999999999999,1.9890000000000008,15.5,48.5
2025_04_NYJ_MIA,2025,4,REG,NYJ,MIA,20.933,22.954,21.0,27.0,2.021,6.0,43.887,48.0,-4.045999999999999,-0.06700000000000017,2.5,44.5
2025_04_PHI_TB,2025,4,REG,PHI,TB,21.539,23.822,31.0,25.0,2.283,-6.0,45.361,56.0,-1.1780000000000008,-9.460999999999999,-3.5,44.5
2025_04_SEA_ARI,2025,4,REG,SEA,ARI,21.237,22.41,23.0,20.0,1.173,-3.0,43.647,43.0,2.41,-1.7630000000000017,-1.5,43.5
2025_04_TEN_HOU,2025,4,REG,TEN,HOU,21.066,22.863,0.0,26.0,1.797,26.0,43.929,26.0,-3.1370000000000005,21.066,7.5,39.5
2025_04_WAS_ATL,2025,4,REG,WAS,ATL,21.244,22.818,27.0,34.0,1.575,7.0,44.062,61.0,-11.181999999999999,-5.756,2.5,43.5
2025_05_DAL_NYJ,2025,5,REG,DAL,NYJ,22.081,23.309,37.0,22.0,1.228,-15.0,45.389,59.0,1.309000000000001,-14.919,1.5,48.5
2025_05_DEN_PHI,2025,5,REG,DEN,PHI,22.119,23.406,21.0,17.0,1.287,-4.0,45.525,38.0,6.405999999999999,1.1189999999999998,3.5,44.5
2025_05_DET_CIN,2025,5,REG,DET,CIN,21.846,22.544,37.0,24.0,0.698,-13.0,44.39,61.0,-1.4559999999999995,-15.154,-10.5,49.5
2025_05_HOU_BAL,2025,5,REG,HOU,BAL,21.769,22.654,44.0,10.0,0.885,-34.0,44.422,54.0,12.654,-22.231,-2.5,41.5
2025_05_KC_JAX,2025,5,REG,KC,JAX,21.004,22.631,28.0,31.0,1.627,3.0,43.636,59.0,-8.369,-6.995999999999999,-3.5,45.5
2025_05_LV_IND,2025,5,REG,LV,IND,21.22,23.32,6.0,40.0,2.1,34.0,44.54,46.0,-16.68,15.219999999999999,7.0,46.5
2025_05_MIA_CAR,2025,5,REG,MIA,CAR,21.662,22.05,24.0,27.0,0.387,3.0,43.712,51.0,-4.949999999999999,-2.338000000000001,-1.5,44.5
2025_05_MIN_CLE,2025,5,REG,MIN,CLE,20.974,21.985,21.0,17.0,1.011,-4.0,42.958,38.0,4.984999999999999,-0.0259999999999998,-3.5,35.5
2025_05_NE_BUF,2025,5,REG,NE,BUF,21.189,23.706,23.0,20.0,2.517,-3.0,44.895,43.0,3.7059999999999995,-1.811,7.5,49.5
2025_05_NYG_NO,2025,5,REG,NYG,NO,20.987,21.886,14.0,26.0,0.899,12.0,42.872,40.0,-4.114000000000001,6.986999999999998,1.5,41.5
2025_05_SF_LA,2025,5,REG,SF,LA,21.538,23.504,26.0,23.0,1.966,-3.0,45.042,49.0,0.5040000000000013,-4.462,8.5,43.5
2025_05_TB_SEA,2025,5,REG,TB,SEA,21.332,22.296,38.0,35.0,0.965,-3.0,43.628,73.0,-12.704,-16.668,3.5,44.5
2025_05_TEN_ARI,2025,5,REG,TEN,ARI,20.865,22.66,22.0,21.0,1.796,-1.0,43.525,43.0,1.6600000000000001,-1.1350000000000016,7.5,41.5
2025_05_WAS_LAC,2025,5,REG,WAS,LAC,21.109,23.599,27.0,10.0,2.49,-17.0,44.709,37.0,13.599,-5.890999999999998,2.5,47.5
2025_06_ARI_IND,2025,6,REG,ARI,IND,21.249,23.657,27.0,31.0,2.408,4.0,44.907,58.0,-7.343,-5.751000000000001,8.5,46.5
2025_06_BUF_ATL,2025,6,REG,BUF,ATL,22.469,22.758,14.0,24.0,0.289,10.0,45.227,38.0,-1.2420000000000009,8.469000000000001,-3.5,49.5
2025_06_CHI_WAS,2025,6,REG,CHI,WAS,21.045,23.089,25.0,24.0,2.043,-1.0,44.134,49.0,-0.9110000000000014,-3.9549999999999983,5.5,49.5
2025_06_CIN_GB,2025,6,REG,CIN,GB,20.858,22.962,18.0,27.0,2.104,9.0,43.82,45.0,-4.038,2.8580000000000005,14.0,44.5
2025_06_CLE_PIT,2025,6,REG,CLE,PIT,19.609,22.681,9.0,23.0,3.072,14.0,42.291,32.0,-0.31899999999999906,10.609000000000002,5.5,37.5
2025_06_DAL_CAR,2025,6,REG,DAL,CAR,22.443,23.118,27.0,30.0,0.676,3.0,45.561,57.0,-6.8820000000000014,-4.556999999999999,-3.0,47.5
2025_06_DEN_NYJ,2025,6,REG,DEN,NYJ,21.884,23.055,13.0,11.0,1.172,-2.0,44.939,24.0,12.055,8.884,-7.5,43.5
2025_06_DET_KC,2025,6,REG,DET,KC,21.706,22.528,17.0,30.0,0.822,13.0,44.234,47.0,-7.472000000000001,4.7059999999999995,2.5,51.5
2025_06_LAC_MIA,2025,6,REG,LAC,MIA,21.523,22.298,29.0,27.0,0.776,-2.0,43.821,56.0,-4.702000000000002,-7.477,-3.5,45.5
2025_06_LA_BAL,2025,6,REG,LA,BAL,21.586,22.332,17.0,3.0,0.745,-14.0,43.918,20.0,19.332,4.5859999999999985,-7.0,43.5
2025_06_NE_NO,2025,6,REG,NE,NO,20.978,22.551,25.0,19.0,1.572,-6.0,43.529,44.0,3.5509999999999984,-4.0219999999999985,-3.5,46.5
2025_06_PHI_NYG,2025,6,REG,PHI,NYG,21.896,23.41,17.0,34.0,1.514,17.0,45.307,51.0,-10.59,4.896000000000001,-7.0,40.5
2025_06_SEA_JAX,2025,6,REG,SEA,JAX,20.971,22.569,20.0,12.0,1.598,-8.0,43.54,32.0,10.568999999999999,0.9710000000000001,-1.5,47.5
2025_06_SF_TB,2025,6,REG,SF,TB,20.983,24.204,19.0,30.0,3.221,11.0,45.188,49.0,-5.795999999999999,1.9830000000000005,3.5,46.5
2025_06_TEN_LV,2025,6,REG,TEN,LV,20.952,23.161,10.0,20.0,2.209,10.0,44.113,30.0,3.1610000000000014,10.952000000000002,3.5,41.5
2025_07_ATL_SF,2025,7,REG,ATL,SF,21.93,22.989,10.0,20.0,1.059,10.0,44.919,30.0,2.9890000000000008,11.93,1.5,46.5
2025_07_CAR_NYJ,2025,7,REG,CAR,NYJ,21.593,23.427,13.0,6.0,1.834,-7.0,45.02,19.0,17.427,8.593,1.5,39.5
2025_07_GB_ARI,2025,7,REG,GB,ARI,22.216,22.9,27.0,23.0,0.685,-4.0,45.116,50.0,-0.10000000000000142,-4.783999999999999,-7.0,44.5
2025_07_HOU_SEA,2025,7,REG,HOU,SEA,21.011,22.959,19.0,27.0,1.948,8.0,43.97,46.0,-4.041,2.0109999999999992,3.0,41.5
2025_07_IND_LAC,2025,7,REG,IND,LAC,21.596,23.415,38.0,24.0,1.819,-14.0,45.011,62.0,-0.5850000000000009,-16.404,2.5,48.5
2025_07_LA_JAX,2025,7,REG,LA,JAX,21.082,22.748,35.0,7.0,1.666,-28.0,43.83,42.0,15.748000000000001,-13.918,-3.0,44.5
2025_07_LV_KC,2025,7,REG,LV,KC,21.001,23.224,0.0,31.0,2.223,31.0,44.225,31.0,-7.776,21.001,13.5,44.5
2025_07_MIA_CLE,2025,7,REG,MIA,CLE,20.715,21.891,6.0,31.0,1.176,25.0,42.606,37.0,-9.109000000000002,14.715,2.5,34.5
2025_07_NE_TEN,2025,7,REG,NE,TEN,21.697,22.154,31.0,13.0,0.457,-18.0,43.851,44.0,9.154,-9.303,-6.5,40.5
2025_07_NO_CHI,2025,7,REG,NO,CHI,21.323,22.117,14.0,26.0,0.795,12.0,43.44,40.0,-3.882999999999999,7.323,4.5,43.5
2025_07_NYG_DEN,2025,7,REG,NYG,DEN,21.328,22.994,32.0,33.0,1.666,1.0,44.322,65.0,-10.006,-10.672,7.5,39.5
2025_07_PHI_MIN,2025,7,REG,PHI,MIN,21.823,23.479,28.0,22.0,1.656,-6.0,45.302,50.0,1.4789999999999992,-6.177,-2.5,43.5
2025_07_PIT_CIN,2025,7,REG,PIT,CIN,21.805,21.131,31.0,33.0,-0.674,2.0,42.937,64.0,-11.869,-9.195,-5.5,45.5
2025_07_TB_DET,2025,7,REG,TB,DET,21.426,23.262,9.0,24.0,1.836,15.0,44.688,33.0,-0.7379999999999995,12.425999999999998,6.0,54.5
2025_07_WAS_DAL,2025,7,REG,WAS,DAL,22.116,23.481,22.0,44.0,1.364,22.0,45.597,66.0,-20.519,0.11599999999999966,1.5,54.5
2025_08_BUF_CAR,2025,8,REG,BUF,CAR,22.187,22.731,40.0,9.0,0.544,-31.0,44.918,49.0,13.731000000000002,-17.813,-7.0,47.5
2025_08_CHI_BAL,2025,8,REG,CHI,BAL,21.614,23.247,16.0,30.0,1.633,14.0,44.861,46.0,-6.753,5.614000000000001,2.5,45.5
2025_08_CLE_NE,2025,8,REG,CLE,NE,21.014,22.819,13.0,32.0,1.805,19.0,43.833,45.0,-9.181000000000001,8.014,7.0,40.5
2025_08_DAL_DEN,2025,8,REG,DAL,DEN,21.595,23.59,24.0,44.0,1.995,20.0,45.184,68.0,-20.41,-2.405000000000001,3.5,51.5
2025_08_GB_PIT,2025,8,REG,GB,PIT,20.825,22.915,35.0,25.0,2.09,-10.0,43.74,60.0,-2.085000000000001,-14.175,-3.0,46.5
2025_08_MIA_ATL,2025,8,REG,MIA,ATL,21.516,22.153,34.0,10.0,0.637,-24.0,43.669,44.0,12.152999999999999,-12.484000000000002,7.0,44.5
2025_08_MIN_LAC,2025,8,REG,MIN,LAC,21.522,23.331,10.0,37.0,1.809,27.0,44.853,47.0,-13.669,11.521999999999998,3.0,45.5
2025_08_NYG_PHI,2025,8,REG,NYG,PHI,22.155,23.125,20.0,38.0,0.97,18.0,45.28,58.0,-14.875,2.155000000000001,7.0,43.5
2025_08_NYJ_CIN,2025,8,REG,NYJ,CIN,21.951,22.719,39.0,38.0,0.767,-1.0,44.67,77.0,-15.280999999999999,-17.049,5.5,43.5
2025_08_SF_HOU,2025,8,REG,SF,HOU,21.688,23.904,15.0,26.0,2.216,11.0,45.591,41.0,-2.096,6.687999999999999,2.5,41.5
2025_08_TB_NO,2025,8,REG,TB,NO,21.62,22.591,23.0,3.0,0.971,-20.0,44.211,26.0,19.591,-1.379999999999999,-4.5,46.5
2025_08_TEN_IND,2025,8,REG,TEN,IND,20.813,23.459,14.0,38.0,2.646,24.0,44.271,52.0,-14.541,6.812999999999999,15.5,47.5
2025_08_WAS_KC,2025,8,REG,WAS,KC,21.388,23.264,7.0,28.0,1.876,21.0,44.652,35.0,-4.736000000000001,14.388000000000002,10.5,48.5
2025_09_ARI_DAL,2025,9,REG,ARI,DAL,22.125,23.771,27.0,17.0,1.645,-10.0,45.896,44.0,6.771000000000001,-4.875,3.5,53.5
2025_09_ATL_NE,2025,9,REG,ATL,NE,21.071,23.796,23.0,24.0,2.725,1.0,44.866,47.0,-0.20400000000000063,-1.9289999999999985,5.5,45.5
2025_09_BAL_MIA,2025,9,REG,BAL,MIA,21.094,23.0,28.0,6.0,1.906,-22.0,44.095,34.0,17.0,-6.905999999999999,-7.5,51.5
2025_09_CAR_GB,2025,9,REG,CAR,GB,20.857,23.576,16.0,13.0,2.719,-3.0,44.433,29.0,10.576,4.856999999999999,12.5,43.5
2025_09_CHI_CIN,2025,9,REG,CHI,CIN,21.485,22.682,47.0,42.0,1.197,-5.0,44.167,89.0,-19.318,-25.515,-3.0,51.5
2025_09_DEN_HOU,2025,9,REG,DEN,HOU,21.616,22.779,18.0,15.0,1.163,-3.0,44.395,33.0,7.779,3.6159999999999997,1.5,40.5
2025_09_IND_PIT,2025,9,REG,IND,PIT,20.83,23.374,20.0,27.0,2.544,7.0,44.204,47.0,-3.6260000000000012,0.8299999999999983,-3.5,51.5
2025_09_JAX_LV,2025,9,REG,JAX,LV,21.329,22.685,30.0,29.0,1.356,-1.0,44.013,59.0,-6.315000000000001,-8.671,-2.5,43.5
2025_09_KC_BUF,2025,9,REG,KC,BUF,22.051,23.324,21.0,28.0,1.273,7.0,45.375,49.0,-4.675999999999998,1.0509999999999984,-2.5,53.5
2025_09_LAC_TEN,2025,9,REG,LAC,TEN,22.021,22.28,27.0,20.0,0.259,-7.0,44.301,47.0,2.280000000000001,-4.978999999999999,-10.0,44.5
2025_09_MIN_DET,2025,9,REG,MIN,DET,21.062,23.488,27.0,24.0,2.426,-3.0,44.551,51.0,-0.5120000000000005,-5.937999999999999,9.5,47.5
2025_09_NO_LA,2025,9,REG,NO,LA,21.287,22.272,10.0,34.0,0.985,24.0,43.559,44.0,-11.728000000000002,11.286999999999999,14.0,44.5
2025_09_SEA_WAS,2025,9,REG,SEA,WAS,21.72,22.446,38.0,14.0,0.726,-24.0,44.167,52.0,8.446000000000002,-16.28,-2.5,47.5
2025_09_SF_NYG,2025,9,REG,SF,NYG,22.073,23.942,34.0,24.0,1.869,-10.0,46.015,58.0,-0.05799999999999983,-11.927,-2.5,47.5
2025_10_ARI_SEA,2025,10,REG,ARI,SEA,21.331,22.799,22.0,44.0,1.468,22.0,44.131,66.0,-21.201,-0.6690000000000005,7.0,44.5
2025_10_ATL_IND,2025,10,REG,ATL,IND,20.859,23.91,25.0,31.0,3.051,6.0,44.769,56.0,-7.09,-4.140999999999998,6.5,48.5
2025_10_BAL_MIN,2025,10,REG,BAL,MIN,21.008,23.126,27.0,19.0,2.119,-8.0,44.134,46.0,4.126000000000001,-5.992000000000001,-4.5,48.5
2025_10_BUF_MIA,2025,10,REG,BUF,MIA,21.801,22.91,13.0,30.0,1.109,17.0,44.71,43.0,-7.09,8.800999999999998,-8.5,50.5
2025_10_CLE_NYJ,2025,10,REG,CLE,NYJ,21.352,22.751,20.0,27.0,1.399,7.0,44.103,47.0,-4.248999999999999,1.3520000000000003,-1.5,37.5
2025_10_DET_WAS,2025,10,REG,DET,WAS,22.651,22.564,44.0,22.0,-0.086,-22.0,45.215,66.0,0.5640000000000001,-21.349,-8.5,49.5
2025_10_JAX_HOU,2025,10,REG,JAX,HOU,21.008,23.197,29.0,36.0,2.189,7.0,44.205,65.0,-12.803,-7.992000000000001,-1.5,37.5
2025_10_LA_SF,2025,10,REG,LA,SF,22.115,23.542,42.0,26.0,1.427,-16.0,45.657,68.0,-2.4579999999999984,-19.885,-5.5,49.5
2025_10_LV_DEN,2025,10,REG,LV,DEN,20.786,23.66,7.0,10.0,2.874,3.0,44.446,17.0,13.66,13.786000000000001,9.5,42.5
2025_10_NE_TB,2025,10,REG,NE,TB,21.651,23.505,28.0,23.0,1.854,-5.0,45.155,51.0,0.504999999999999,-6.349,2.5,48.5
2025_10_NO_CAR,2025,10,REG,NO,CAR,21.684,22.269,17.0,7.0,0.584,-10.0,43.953,24.0,15.268999999999998,4.684000000000001,5.5,38.5
2025_10_NYG_CHI,2025,10,REG,NYG,CHI,21.014,22.778,20.0,24.0,1.764,4.0,43.793,44.0,-1.2220000000000013,1.0139999999999993,4.5,45.5
2025_10_PHI_GB,2025,10,REG,PHI,GB,21.689,23.532,10.0,7.0,1.843,-3.0,45.221,17.0,16.532,11.689,1.5,45.5
2025_10_PIT_LAC,2025,10,REG,PIT,LAC,21.801,22.394,10.0,25.0,0.593,15.0,44.195,35.0,-2.6060000000000016,11.800999999999998,3.0,45.5
2025_11_BAL_CLE,2025,11,REG,BAL,CLE,21.42,22.567,23.0,16.0,1.147,-7.0,43.988,39.0,6.567,-1.5799999999999983,-7.5,37.5
2025_11_CAR_ATL,2025,11,REG,CAR,ATL,21.31,23.048,30.0,27.0,1.738,-3.0,44.359,57.0,-3.9520000000000017,-8.690000000000001,4.5,42.5
2025_11_CHI_MIN,2025,11,REG,CHI,MIN,21.62,22.846,19.0,17.0,1.225,-2.0,44.466,36.0,5.846,2.620000000000001,3.0,47.5
2025_11_CIN_PIT,2025,11,REG,CIN,PIT,20.004,23.886,12.0,34.0,3.882,22.0,43.891,46.0,-10.114,8.004000000000001,5.5,48.5
2025_11_DAL_LV,2025,11,REG,DAL,LV,22.287,22.604,33.0,16.0,0.318,-17.0,44.891,49.0,6.603999999999999,-10.713000000000001,-3.5,48.5
2025_11_DET_PHI,2025,11,REG,DET,PHI,22.684,22.993,9.0,16.0,0.308,7.0,45.677,25.0,6.9929999999999986,13.684000000000001,2.5,46.5
2025_11_GB_NYG,2025,11,REG,GB,NYG,21.921,22.484,27.0,20.0,0.563,-7.0,44.405,47.0,2.4840000000000018,-5.079000000000001,-7.5,41.5
2025_11_HOU_TEN,2025,11,REG,HOU,TEN,21.736,21.919,16.0,13.0,0.183,-3.0,43.655,29.0,8.919,5.736000000000001,-5.5,37.5
2025_11_KC_DEN,2025,11,REG,KC,DEN,21.029,22.684,19.0,22.0,1.655,3.0,43.713,41.0,0.684000000000001,2.029,-3.5,44.5
2025_11_LAC_JAX,2025,11,REG,LAC,JAX,22.003,22.737,6.0,35.0,0.734,29.0,44.74,41.0,-12.263000000000002,16.003,-3.0,43.5
2025_11_NYJ_NE,2025,11,REG,NYJ,NE,21.731,23.997,14.0,27.0,2.266,13.0,45.727,41.0,-3.003,7.731000000000002,12.5,43.5
2025_11_SEA_LA,2025,11,REG,SEA,LA,21.556,22.525,19.0,21.0,0.969,2.0,44.081,40.0,1.5249999999999986,2.556000000000001,3.0,49.5
2025_11_SF_ARI,2025,11,REG,SF,ARI,21.966,23.937,41.0,22.0,1.971,-19.0,45.903,63.0,1.9370000000000012,-19.034,-3.5,48.5
2025_11_TB_BUF,2025,11,REG,TB,BUF,22.006,23.215,32.0,44.0,1.209,12.0,45.221,76.0,-20.785,-9.994,6.0,46.5
2025_11_WAS_MIA,2025,11,REG,WAS,MIA,21.357,23.306,13.0,16.0,1.949,3.0,44.663,29.0,7.306000000000001,8.357,2.5,47.5
2025_12_ATL_NO,2025,12,REG,ATL,NO,21.099,23.396,24.0,10.0,2.297,-14.0,44.495,34.0,13.396,-2.901,1.5,41.5
2025_12_BUF_HOU,2025,12,REG,BUF,HOU,21.718,23.215,19.0,23.0,1.497,4.0,44.933,42.0,0.21499999999999986,2.718,-5.5,43.5
2025_12_CAR_SF,2025,12,REG,CAR,SF,21.985,24.15,9.0,20.0,2.166,11.0,46.135,29.0,4.149999999999999,12.985,7.5,48.5
2025_12_CLE_LV,2025,12,REG,CLE,LV,21.381,21.828,24.0,10.0,0.447,-14.0,43.208,34.0,11.828,-2.6189999999999998,3.0,35.5
2025_12_IND_KC,2025,12,REG,IND,KC,21.447,22.965,20.0,23.0,1.518,3.0,44.413,43.0,-0.03500000000000014,1.4469999999999992,3.5,50.5
2025_12_JAX_ARI,2025,12,REG,JAX,ARI,21.221,22.974,27.0,24.0,1.754,-3.0,44.195,51.0,-1.0259999999999998,-5.779,-2.5,47.5
2025_12_MIN_GB,2025,12,REG,MIN,GB,21.488,22.994,6.0,23.0,1.507,17.0,44.482,29.0,-0.006000000000000227,15.488,6.5,41.5
2025_12_NE_CIN,2025,12,REG,NE,CIN,22.766,22.927,26.0,20.0,0.161,-6.0,45.693,46.0,2.9269999999999996,-3.2340000000000018,-7.5,50.5
2025_12_NYG_DET,2025,12,REG,NYG,DET,20.982,23.738,27.0,34.0,2.756,7.0,44.72,61.0,-10.262,-6.018000000000001,14.0,50.5
2025_12_NYJ_BAL,2025,12,REG,NYJ,BAL,21.788,24.004,10.0,23.0,2.216,13.0,45.793,33.0,1.0040000000000013,11.788,14.0,44.5
2025_12_PHI_DAL,2025,12,REG,PHI,DAL,22.016,23.871,21.0,24.0,1.855,3.0,45.888,45.0,-0.12900000000000134,1.0159999999999982,-3.0,47.5
2025_12_PIT_CHI,2025,12,REG,PIT,CHI,21.481,22.182,28.0,31.0,0.7,3.0,43.663,59.0,-8.818000000000001,-6.518999999999998,3.0,46.5
2025_12_SEA_TEN,2025,12,REG,SEA,TEN,21.619,21.902,30.0,24.0,0.283,-6.0,43.521,54.0,-2.097999999999999,-8.381,-12.5,41.5
2025_12_TB_LA,2025,12,REG,TB,LA,21.873,22.684,7.0,34.0,0.811,27.0,44.557,41.0,-11.315999999999999,14.873000000000001,7.0,49.5
2025_13_ARI_TB,2025,13,REG,ARI,TB,20.851,23.35,17.0,20.0,2.499,3.0,44.201,37.0,3.3500000000000014,3.850999999999999,4.5,44.5
2025_13_ATL_NYJ,2025,13,REG,ATL,NYJ,22.135,23.709,24.0,27.0,1.575,3.0,45.844,51.0,-3.2910000000000004,-1.8649999999999984,-3.0,38.5
2025_13_BUF_PIT,2025,13,REG,BUF,PIT,21.121,23.393,26.0,7.0,2.271,-19.0,44.514,33.0,16.393,-4.879000000000001,-3.0,44.5
2025_13_CHI_PHI,2025,13,REG,CHI,PHI,22.232,23.357,24.0,15.0,1.125,-9.0,45.59,39.0,8.357,-1.7680000000000007,7.0,43.5
2025_13_CIN_BAL,2025,13,REG,CIN,BAL,21.347,24.319,32.0,14.0,2.972,-18.0,45.667,46.0,10.318999999999999,-10.652999999999999,7.0,52.5
2025_13_DEN_WAS,2025,13,REG,DEN,WAS,22.042,21.808,27.0,26.0,-0.234,-1.0,43.851,53.0,-4.192,-4.957999999999998,-6.5,43.5
2025_13_GB_DET,2025,13,REG,GB,DET,21.425,23.892,31.0,24.0,2.468,-7.0,45.317,55.0,-0.10800000000000054,-9.575,2.5,48.5
2025_13_HOU_IND,2025,13,REG,HOU,IND,21.542,22.765,20.0,16.0,1.223,-4.0,44.307,36.0,6.765000000000001,1.5420000000000016,3.0,44.5
2025_13_JAX_TEN,2025,13,REG,JAX,TEN,21.321,22.066,25.0,3.0,0.745,-22.0,43.386,28.0,19.066,-3.6789999999999985,-6.0,42.5
2025_13_KC_DAL,2025,13,REG,KC,DAL,22.027,23.379,28.0,31.0,1.352,3.0,45.406,59.0,-7.620999999999999,-5.972999999999999,-3.5,53.5
2025_13_LA_CAR,2025,13,REG,LA,CAR,21.705,22.325,28.0,31.0,0.62,3.0,44.03,59.0,-8.675,-6.295000000000002,-10.0,44.5
2025_13_LV_LAC,2025,13,REG,LV,LAC,20.627,24.094,14.0,31.0,3.467,17.0,44.721,45.0,-6.905999999999999,6.626999999999999,10.0,40.5
2025_13_MIN_SEA,2025,13,REG,MIN,SEA,21.193,22.685,0.0,26.0,1.492,26.0,43.878,26.0,-3.3150000000000013,21.193,12.5,42.5
2025_13_NO_MIA,2025,13,REG,NO,MIA,20.379,22.872,17.0,21.0,2.493,4.0,43.251,38.0,1.8719999999999999,3.3790000000000013,5.5,41.5
2025_13_NYG_NE,2025,13,REG,NYG,NE,21.57,23.719,15.0,33.0,2.149,18.0,45.289,48.0,-9.280999999999999,6.57,7.0,46.5
2025_13_SF_CLE,2025,13,REG,SF,CLE,21.549,23.161,26.0,8.0,1.611,-18.0,44.71,34.0,15.161000000000001,-4.4510000000000005,-5.5,35.5
2025_14_CHI_GB,2025,14,REG,CHI,GB,21.504,23.292,21.0,28.0,1.788,7.0,44.796,49.0,-4.707999999999998,0.5040000000000013,6.5,44.5
2025_14_CIN_BUF,2025,14,REG,CIN,BUF,21.753,24.084,34.0,39.0,2.33,5.0,45.837,73.0,-14.916,-12.247,6.0,54.5
2025_14_DAL_DET,2025,14,REG,DAL,DET,21.821,23.807,30.0,44.0,1.987,14.0,45.628,74.0,-20.193,-8.178999999999998,3.5,55.5
2025_14_DEN_LV,2025,14,REG,DEN,LV,21.992,22.038,24.0,17.0,0.046,-7.0,44.03,41.0,5.038,-2.007999999999999,-8.5,40.5
2025_14_HOU_KC,2025,14,REG,HOU,KC,21.235,23.417,20.0,10.0,2.182,-10.0,44.652,30.0,13.417000000000002,1.2349999999999994,4.5,41.5
2025_14_IND_JAX,2025,14,REG,IND,JAX,22.05,22.629,19.0,36.0,0.579,17.0,44.678,55.0,-13.370999999999999,3.0500000000000007,-2.5,44.5
2025_14_LA_ARI,2025,14,REG,LA,ARI,20.971,22.845,45.0,17.0,1.874,-28.0,43.816,62.0,5.844999999999999,-24.029,-9.5,49.5
2025_14_MIA_NYJ,2025,14,REG,MIA,NYJ,22.082,22.853,34.0,10.0,0.771,-24.0,44.935,44.0,12.853000000000002,-11.918,-2.5,41.5
2025_14_NO_TB,2025,14,REG,NO,TB,20.157,23.236,24.0,20.0,3.079,-4.0,43.392,44.0,3.2360000000000007,-3.843,7.5,41.5
2025_14_PHI_LAC,2025,14,REG,PHI,LAC,21.255,24.069,19.0,22.0,2.814,3.0,45.324,41.0,2.068999999999999,2.254999999999999,-1.5,41.5
2025_14_PIT_BAL,2025,14,REG,PIT,BAL,21.42,22.652,27.0,22.0,1.232,-5.0,44.073,49.0,0.652000000000001,-5.579999999999998,5.5,43.5
2025_14_SEA_ATL,2025,14,REG,SEA,ATL,21.883,22.428,37.0,9.0,0.545,-28.0,44.311,46.0,13.428,-15.117,-7.0,44.5
2025_14_TEN_CLE,2025,14,REG,TEN,CLE,20.034,22.55,31.0,29.0,2.515,-2.0,42.584,60.0,-6.449999999999999,-10.966000000000001,4.5,33.5
2025_14_WAS_MIN,2025,14,REG,WAS,MIN,20.672,23.312,0.0,31.0,2.64,31.0,43.984,31.0,-7.687999999999999,20.672,-1.5,43.5
2025_15_ARI_HOU,2025,15,REG,ARI,HOU,20.923,23.733,20.0,40.0,2.81,20.0,44.656,60.0,-16.267,0.9229999999999983,10.5,42.5
2025_15_ATL_TB,2025,15,REG,ATL,TB,21.038,23.596,29.0,28.0,2.557,-1.0,44.634,57.0,-4.404,-7.962,6.0,43.5
2025_15_BAL_CIN,2025,15,REG,BAL,CIN,22.512,22.717,24.0,0.0,0.204,-24.0,45.229,24.0,22.717,-1.4879999999999995,-2.5,51.5
2025_15_BUF_NE,2025,15,REG,BUF,NE,22.526,23.6,35.0,31.0,1.074,-4.0,46.126,66.0,-7.399999999999999,-12.474,-2.5,49.5
2025_15_CAR_NO,2025,15,REG,CAR,NO,20.755,22.12,17.0,20.0,1.364,3.0,42.875,37.0,2.120000000000001,3.754999999999999,-2.5,41.5
2025_15_CLE_CHI,2025,15,REG,CLE,CHI,21.731,22.618,3.0,31.0,0.887,28.0,44.348,34.0,-8.382000000000001,18.731,7.5,38.5
2025_15_DET_LA,2025,15,REG,DET,LA,22.376,22.276,34.0,41.0,-0.1,7.0,44.652,75.0,-18.724,-11.623999999999999,5.5,54.5
2025_15_GB_DEN,2025,15,REG,GB,DEN,21.529,23.308,26.0,34.0,1.78,8.0,44.837,60.0,-10.692,-4.471,-1.5,42.5
2025_15_IND_SEA,2025,15,REG,IND,SEA,21.16,22.781,16.0,18.0,1.62,2.0,43.941,34.0,4.780999999999999,5.16,13.5,41.5
2025_15_LAC_KC,2025,15,REG,LAC,KC,22.215,22.668,16.0,13.0,0.453,-3.0,44.883,29.0,9.668,6.215,5.5,41.5
2025_15_LV_PHI,2025,15,REG,LV,PHI,21.515,23.604,0.0,31.0,2.089,31.0,45.119,31.0,-7.396000000000001,21.515,12.5,37.5
2025_15_MIA_PIT,2025,15,REG,MIA,PIT,20.212,22.92,15.0,28.0,2.708,13.0,43.132,43.0,-5.079999999999998,5.212,3.0,42.5
2025_15_MIN_DAL,2025,15,REG,MIN,DAL,21.931,23.442,34.0,26.0,1.511,-8.0,45.374,60.0,-2.558,-12.068999999999999,5.5,47.5
2025_15_NYJ_JAX,2025,15,REG,NYJ,JAX,21.728,23.711,20.0,48.0,1.983,28.0,45.439,68.0,-24.289,1.7280000000000015,13.5,40.5
2025_15_TEN_SF,2025,15,REG,TEN,SF,21.614,23.924,24.0,37.0,2.31,13.0,45.539,61.0,-13.076,-2.3859999999999992,12.5,44.5
2025_15_WAS_NYG,2025,15,REG,WAS,NYG,20.928,23.056,29.0,21.0,2.128,-8.0,43.984,50.0,2.056000000000001,-8.072,2.5,46.5
2025_16_ATL_ARI,2025,16,REG,ATL,ARI,21.65,22.543,26.0,19.0,0.893,-7.0,44.192,45.0,3.5429999999999993,-4.350000000000001,-2.5,48.5
2025_16_BUF_CLE,2025,16,REG,BUF,CLE,21.901,22.736,23.0,20.0,0.836,-3.0,44.637,43.0,2.7360000000000007,-1.0990000000000002,-10.5,41.5
2025_16_CIN_MIA,2025,16,REG,CIN,MIA,20.941,23.597,45.0,21.0,2.656,-24.0,44.538,66.0,2.5970000000000013,-24.059,-3.5,48.5
2025_16_GB_CHI,2025,16,REG,GB,CHI,21.893,23.046,16.0,22.0,1.154,6.0,44.939,38.0,1.0459999999999994,5.893000000000001,1.5,45.5
2025_16_JAX_DEN,2025,16,REG,JAX,DEN,21.395,23.771,34.0,20.0,2.376,-14.0,45.166,54.0,3.771000000000001,-12.605,3.5,46.5
2025_16_KC_TEN,2025,16,REG,KC,TEN,21.853,22.338,9.0,26.0,0.485,17.0,44.191,35.0,-3.661999999999999,12.853000000000002,-3.5,37.5
2025_16_LAC_DAL,2025,16,REG,LAC,DAL,22.33,23.148,34.0,17.0,0.818,-17.0,45.479,51.0,6.148,-11.670000000000002,1.5,50.5
2025_16_LA_SEA,2025,16,REG,LA,SEA,20.544,23.236,37.0,38.0,2.692,1.0,43.78,75.0,-14.764,-16.456,1.5,42.5
2025_16_LV_HOU,2025,16,REG,LV,HOU,20.93,23.495,21.0,23.0,2.565,2.0,44.426,44.0,0.495000000000001,-0.07000000000000028,14.5,39.5
2025_16_MIN_NYG,2025,16,REG,MIN,NYG,21.509,22.614,16.0,13.0,1.105,-3.0,44.123,29.0,9.614,5.509,-2.5,41.5
2025_16_NE_BAL,2025,16,REG,NE,BAL,21.97,23.695,28.0,24.0,1.725,-4.0,45.664,52.0,-0.3049999999999997,-6.030000000000001,3.5,48.5
2025_16_NYJ_NO,2025,16,REG,NYJ,NO,21.548,22.377,6.0,29.0,0.829,23.0,43.924,35.0,-6.623000000000001,15.547999999999998,6.5,39.5
2025_16_PHI_WAS,2025,16,REG,PHI,WAS,21.949,22.753,29.0,18.0,0.804,-11.0,44.702,47.0,4.753,-7.050999999999998,-7.0,43.5
2025_16_PIT_DET,2025,16,REG,PIT,DET,21.337,22.708,29.0,24.0,1.371,-5.0,44.045,53.0,-1.2920000000000016,-7.663,7.5,52.5
2025_16_SF_IND,2025,16,REG,SF,IND,22.44,24.162,48.0,27.0,1.722,-21.0,46.601,75.0,-2.838000000000001,-25.56,-4.5,46.5
2025_16_TB_CAR,2025,16,REG,TB,CAR,22.108,22.093,20.0,23.0,-0.015,3.0,44.202,43.0,-0.907,2.1080000000000005,-3.0,44.5
2025_17_ARI_CIN,2025,17,REG,ARI,CIN,21.373,24.141,14.0,37.0,2.768,23.0,45.514,51.0,-12.859000000000002,7.373000000000001,7.0,52.5
2025_17_BAL_GB,2025,17,REG,BAL,GB,21.78,23.015,41.0,24.0,1.235,-17.0,44.794,65.0,-0.9849999999999994,-19.22,2.5,38.5
2025_17_CHI_SF,2025,17,REG,CHI,SF,22.819,23.931,38.0,42.0,1.112,4.0,46.75,80.0,-18.069,-15.181000000000001,3.5,51.5
2025_17_DAL_WAS,2025,17,REG,DAL,WAS,22.32,22.811,30.0,23.0,0.491,-7.0,45.131,53.0,-0.18900000000000006,-7.68,-8.5,50.5
2025_17_DEN_KC,2025,17,REG,DEN,KC,21.98,22.831,20.0,13.0,0.851,-7.0,44.81,33.0,9.831,1.9800000000000004,-13.5,37.5
2025_17_DET_MIN,2025,17,REG,DET,MIN,21.781,22.899,10.0,23.0,1.119,13.0,44.68,33.0,-0.10099999999999909,11.780999999999999,-7.0,45.5
2025_17_HOU_LAC,2025,17,REG,HOU,LAC,21.502,23.603,20.0,16.0,2.101,-4.0,45.105,36.0,7.6030000000000015,1.501999999999999,1.5,40.5
2025_17_JAX_IND,2025,17,REG,JAX,IND,21.695,22.898,23.0,17.0,1.203,-6.0,44.592,40.0,5.898,-1.3049999999999997,-3.5,48.5
2025_17_LA_ATL,2025,17,REG,LA,ATL,21.862,22.856,24.0,27.0,0.994,3.0,44.717,51.0,-4.143999999999998,-2.1380000000000017,-7.5,48.5
2025_17_NE_NYJ,2025,17,REG,NE,NYJ,22.32,22.881,42.0,10.0,0.561,-32.0,45.201,52.0,12.881,-19.68,-12.5,42.5
2025_17_NO_TEN,2025,17,REG,NO,TEN,21.078,22.15,34.0,26.0,1.072,-8.0,43.229,60.0,-3.8500000000000014,-12.922,-1.5,39.5
2025_17_NYG_LV,2025,17,REG,NYG,LV,22.022,22.543,34.0,10.0,0.52,-24.0,44.565,44.0,12.543,-11.978000000000002,-3.0,40.5
2025_17_PHI_BUF,2025,17,REG,PHI,BUF,21.612,24.253,13.0,12.0,2.641,-1.0,45.866,25.0,12.253,8.611999999999998,3.0,45.5
2025_17_PIT_CLE,2025,17,REG,PIT,CLE,21.313,21.479,6.0,13.0,0.166,7.0,42.792,19.0,8.479,15.312999999999999,-4.5,35.5
2025_17_SEA_CAR,2025,17,REG,SEA,CAR,21.949,21.987,27.0,10.0,0.038,-17.0,43.936,37.0,11.986999999999998,-5.050999999999998,-6.5,42.5
2025_17_TB_MIA,2025,17,REG,TB,MIA,21.499,22.581,17.0,20.0,1.082,3.0,44.08,37.0,2.5809999999999995,4.498999999999999,-5.5,44.5
2025_18_ARI_LA,2025,18,REG,ARI,LA,20.378,23.878,20.0,37.0,3.5,17.0,44.257,57.0,-13.122,0.3780000000000001,14.5,49.5
2025_18_BAL_PIT,2025,18,REG,BAL,PIT,20.361,22.88,24.0,26.0,2.519,2.0,43.241,50.0,-3.120000000000001,-3.6389999999999993,-4.5,41.5
2025_18_CAR_TB,2025,18,REG,CAR,TB,20.811,23.75,14.0,16.0,2.94,2.0,44.561,30.0,7.75,6.811,3.0,43.5
2025_18_CLE_CIN,2025,18,REG,CLE,CIN,21.677,22.826,20.0,18.0,1.149,-2.0,44.503,38.0,4.8260000000000005,1.6769999999999996,9.5,47.5
2025_18_DAL_NYG,2025,18,REG,DAL,NYG,21.805,23.645,17.0,34.0,1.841,17.0,45.45,51.0,-10.355,4.805,-3.0,50.5
2025_18_DET_CHI,2025,18,REG,DET,CHI,22.483,23.103,19.0,16.0,0.62,-3.0,45.586,35.0,7.1030000000000015,3.4830000000000005,3.5,51.5
2025_18_GB_MIN,2025,18,REG,GB,MIN,21.353,23.362,3.0,16.0,2.009,13.0,44.716,19.0,7.361999999999998,18.353,12.5,37.5
2025_18_IND_HOU,2025,18,REG,IND,HOU,21.16,23.514,30.0,38.0,2.354,8.0,44.674,68.0,-14.486,-8.84,9.5,37.5
2025_18_KC_LV,2025,18,REG,KC,LV,22.178,22.727,12.0,14.0,0.549,2.0,44.905,26.0,8.727,10.178,-3.5,36.5
2025_18_LAC_DEN,2025,18,REG,LAC,DEN,21.848,23.141,3.0,19.0,1.293,16.0,44.99,22.0,4.140999999999998,18.848,14.5,37.5
2025_18_MIA_NE,2025,18,REG,MIA,NE,21.614,22.791,10.0,38.0,1.177,28.0,44.406,48.0,-15.209,11.614,14.0,44.5
2025_18_NO_ATL,2025,18,REG,NO,ATL,21.149,22.565,17.0,19.0,1.416,2.0,43.715,36.0,3.5650000000000013,4.149000000000001,4.5,43.5
2025_18_NYJ_BUF,2025,18,REG,NYJ,BUF,21.214,24.359,8.0,35.0,3.145,27.0,45.572,43.0,-10.640999999999998,13.213999999999999,12.5,39.5
2025_18_SEA_SF,2025,18,REG,SEA,SF,22.678,23.534,13.0,3.0,0.856,-10.0,46.212,16.0,20.534,9.678,-2.5,47.5
2025_18_TEN_JAX,2025,18,REG,TEN,JAX,21.345,23.508,7.0,41.0,2.163,34.0,44.853,48.0,-17.492,14.344999999999999,12.5,46.5
2025_18_WAS_PHI,2025,18,REG,WAS,PHI,21.399,23.331,24.0,17.0,1.932,-7.0,44.73,41.0,6.3309999999999995,-2.600999999999999,3.0,38.5
